"ORGNM","GDCD","GDNM","CNT"
"신주안지점","LA00377001","무배당카네이션하나로보험","688"
"신주안지점","LA01374001","무배당 마이라이프 굿밸런스보장보험Ⅱ1609","62"
"신주안지점","LA00800001","무배당 두번받는암보험","105"
"신주안지점","LA02223004","무배당 차도리ECO운전자상해보험2208","3"
"신주안지점","LA02300001","무배당 한화실손의료보험(갱신형)2301","41"
"신주안지점","LA01603002","무배당 1등 엄마의 똑똑한 자녀보험Ⅱ1901","12"
"신주안지점","LA02006001","무배당 차도리ECO운전자상해보험2104","27"
"신주안지점","LA01711001","무배당 한화실손의료보험(갱신형)Ⅱ1904","1"
"신주안지점","LA01132001","무배당 하얀미소치아보험","10"
"신주안지점","LA01190001","무배당 마음든든 계속보장암보험","36"
"신주안지점","LA00343001","무배당우리아이★사랑보험(0604)","17"
"신주안지점","LA01703001","무배당 하나로재산종합보험1904","7"
"신주안지점","LA00973001","무배당 Well-driving운전자보험1304","4"
"신주안지점","LA01327002","무배당 하얀미소플러스치아보험1605","12"
"신주안지점","LA02661002","한화 값진인생 암보험 무배당2404","15"
"신주안지점","LA02646002","한화간편실손의료보험(갱신형) 무배당2404","17"
"신주안지점","LA02692002","한화 값진인생 암보험 무배당2409","3"
"신주안지점","LA00641001","무배당 家家好好종합보험","17"
"신주안지점","LA02788002","한화 시그니처 여성 건강보험3.0 무배당2504","32"
"신주안지점","LA01360001","무배당 마이라이프 굿밸런스보장보험Ⅱ1606","25"
"신주안지점","LA02053001","무배당 차도리운전자보험2108","10"
"신주안지점","LA02118002","무배당 LIFEPLUS 한아름종합보험2204","3"
"신주안지점","LA02134003","무배당 325 WELL100 실속간편건강보험2204","3"
"신주안지점","LA00338001","무배당카네이션상조보험(0604)","9"
"신주안지점","LA01163001","무배당 한화한아름간병보험1501","3"
"신주안지점","LA02774001","한화 3N5 더간편건강보험(연만기 갱신형) 무배당","8"
"신주안지점","LA10291001","무배당 자녀사랑케어보험0505","1"
"신주안지점","LA02788001","한화 시그니처 여성 건강보험3.0 무배당2504","17"
"신주안지점","LA02831005","한화 RICH 간병보험3.0 무배당2507","2"
"신주안지점","LA02138001","무배당 333 WELL100 실속간편건강보험2204","3"
"신주안지점","LA00730001","무배당카네이션B＆B상조보험1106","4"
"신주안지점","LA01288001","무배당 드림모아 저축보험1601","5"
"신주안지점","LA01908003","무배당 Only 3 참 편한 건강보험2010","1"
"신주안지점","LA01069002","무배당 한화실손의료보험1404","2"
"신주안지점","LA00756001","무배당 家家好好종합보험1106","3"
"신주안지점","LA00202002","무배당NEW가족안심상조보험","2"
"신주안지점","LA00216002","무배당장기간병프리미엄건강보험Ⅱ","1"
"신주안지점","LA02754002","한화 하얀미소플러스치아보험Ⅱ 무배당2504","5"
"신주안지점","LA02354002","무배당 325 WELL100 간편건강보험(연만기 갱신형)2301","2"
"신주안지점","LA02833002","한화 치매간병보험 무배당2507","2"
"신주안지점","LA01251001","무배당 하나로재산종합보험1510","1"
"신주안지점","LA00244001","무배당(新)밀레니엄보험Ⅱ","1"
"신주안지점","LA02101002","무배당 LIFEPLUS 소득안심 건강보험","1"
"신주안지점","LA02728002","한화 더 경증 간편건강보험(연만기 갱신형) 무배당","1"
"신주안지점","LA02340001","무배당 335 WELL100 간편건강보험(연만기 갱신형)2301","1"
"신주안지점","LA01369001","무배당 타임브릿지 건강보험","1"
"신주안지점","LA02530001","한화 Big Plus 재산종합보험2310 무배당 ","22"
"신주안지점","LA02064001","무배당 마이라이프 투모로종합보험2111","14"
"신주안지점","LA01457001","무배당 차도리운전자보험1707","37"
"신주안지점","LA02556002","한화 1040Young플러스 종합보험 무배당","45"
"신주안지점","LA01257001","무배당 마이라이프 투모로 종합보험1601","16"
"신주안지점","LA01804002","무배당 참 편한 실속 건강보험2004","4"
"신주안지점","LA01208001","무배당 한화한아름간병보험1507","13"
"신주안지점","LA02278004","무배당 355 WELL100 실속간편건강보험","7"
"신주안지점","LA02190003","무배당 WOORI 차도리ECO운전자보험","9"
"신주안지점","LA01802002","무배당 참 편한 건강보험(연만기 갱신형)2004","9"
"신주안지점","LA00443001","무배당카네이션자녀사랑보험(0804)","24"
"신주안지점","LA00347002","무배당이글스종합건강보험(0604)","9"
"신주안지점","LA01356002","무배당 한화보금자리안심보험1605","5"
"신주안지점","LA01252001","무배당 한화 Big Plus 재산종합보험1510","26"
"신주안지점","LA00930001","무배당 한화 Big Plus 재산종합보험1304","76"
"신주안지점","LA01094001","무배당 한화한아름간병보험1407","4"
"신주안지점","LA02693003","한화 더건강한 한아름종합보험 무배당","19"
"신주안지점","LA01527001","무배당 마이라이프 세이프투게더보장보험1804","7"
"신주안지점","LA02612002","한화 운전자상해보험 무배당2404","15"
"신주안지점","LA01396001","무배당 하나로재산종합보험1701","19"
"신주안지점","LA00497001","무배당Yescar운전자보험(0904)","3"
"신주안지점","LA01000001","무배당 스마트플러스운전자보험1309","8"
"신주안지점","LA02593003","LIFEPLUS 더건강한 한아름종합보험 무배당2404","34"
"신주안지점","LA02667002","LIFEPLUS 3N5 간편건강보험(세만기형) 무배당2405","6"
"신주안지점","LA02120001","무배당 LIFEPLUS 더건강 더실속 종합보험(연만기 갱신형)2204","3"
"신주안지점","LA01889002","무배당 참 편한 실속 건강보험2009","3"
"신주안지점","LA01449002","무배당 한화실손의료보험(갱신형)Ⅱ","12"
"신주안지점","LA02850002","한화 굿밸런스종합보험(연만기 갱신형) 무배당2601","1"
"신주안지점","LA10518001","무배당 노블레스 베스트플랜보험0910","6"
"신주안지점","LA00686001","무배당카네이션B＆B상조보험1104","1"
"신주안지점","LA01929001","무배당 마이라이프 투모로종합보험2101","7"
"신주안지점","LA01937001","무배당 Only 3 참 편한 건강보험2101","2"
"신주안지점","LA02510001","WOORI 한화 운전자상해보험2310 무배당","1"
"신주안지점","LA01508002","무배당 차도리ECO운전자보험1804","2"
"신주안지점","LA02841003","한화 치매간병보험 무배당2509","2"
"신주안지점","LA01542001","연금저축손해보험 골드연금보험1804","1"
"신주안지점","LA01963001","연금저축손해보험 골드연금보험2101","4"
"신주안지점","LA00934001","무배당 한화 화재배상책임보험","1"
"신주안지점","LA02280001","무배당 LIFEPLUS WELL100 건강등급 간편건강보험(연만기 갱신형)","2"
"신주안지점","LA10573001","무배당 프리미엄 케어 자녀보험0804(2종)","1"
"신주안지점","LA02334004","무배당 333 WELL100 실속간편건강보험2301","1"
"신주안지점","LA00845001","무배당 성공플랜저축보험1204","1"
"신주안지점","LA02215002","무배당 LIFEPLUS 한아름종합보험2208","18"
"신주안지점","LA01083001","무배당 마이라이프 스마트 건강보험","7"
"신주안지점","LA02496004","한화 3N5 WELL100 실속간편건강보험2310 무배당","14"
"신주안지점","LA01580001","무배당 참 편한 건강보험1809","11"
"신주안지점","LA01622001","무배당 실속더한 든든보장보험1901","3"
"신주안지점","LA01587001","무배당 차도리운전자보험1810","33"
"신주안지점","LA02251002","무배당 한화 Big Plus 재산종합보험2209","18"
"신주안지점","LA02269002","무배당 LIFEPLUS 처음부터 함께하는 자녀보험2208(2)","4"
"신주안지점","LA02456003","무배당 한화 RICH 간병보험2.0","78"
"신주안지점","LA02684001","한화 시그니처 여성 3N5 간편건강보험2.0 무배당2407","31"
"신주안지점","LA01444001","무배당 마이라이프 굿밸런스보장보험Ⅱ1704","16"
"신주안지점","LA00208001","무배당내집마련저축보험","1"
"신주안지점","LA02614002","한화 하얀미소플러스치아보험Ⅱ 무배당2404","5"
"신주안지점","LA01015001","무배당 나만의맞춤암보험","12"
"신주안지점","LA01569001","무배당 차도리운전자보험1807","59"
"신주안지점","LA02155001","무배당 세이프투게더 생활종합보험2204","27"
"신주안지점","LA00204001","무배당NEW밀레니엄저축보험","3"
"신주안지점","LA01939001","무배당 1등 엄마의 똑똑한 자녀보험Ⅱ2101","12"
"신주안지점","LA00301001","무배당Yescar운전자보험(0505)","10"
"신주안지점","LA00311002","무배당카네이션상조보험","9"
"신주안지점","LA01238001","무배당 마이라이프 굿밸런스보장보험Ⅱ","45"
"신주안지점","LA10477001","무배당 노블레스 베스트플랜보험0906","19"
"신주안지점","LA02749002","한화 치매간병보험 무배당","7"
"신주안지점","LA02907001","한화실손의료보험(갱신형)(실손전환용) 무배당2601","4"
"신주안지점","LA02496002","한화 3N5 WELL100 실속간편건강보험2310 무배당","28"
"신주안지점","LA02852002","한화 시그니처 여성 건강보험4.0 무배당","17"
"신주안지점","LA00207001","무배당맞춤설계암보험","8"
"신주안지점","LA02023001","무배당 참 편한 웰라이프＆엔딩보험(상해위험단일률형)","7"
"신주안지점","LA00210003","무배당장기간병프리미엄건강보험","6"
"신주안지점","LA02006002","무배당 차도리ECO운전자상해보험2104","1"
"신주안지점","LA00113001","하나로보장보험","1"
"신주안지점","LA02774002","한화 3N5 더간편건강보험(연만기 갱신형) 무배당","5"
"신주안지점","LA00160001","당신을위한건강보험","4"
"신주안지점","LA00187001","무배당밀레니엄저축보험Ⅱ","2"
"신주안지점","LA00550001","무배당카네이션B＆B보험(0910)","2"
"신주안지점","LA01885002","무배당 LIFEPLUS 처음부터 지켜주는 암보험(연만기 갱신형)2008","3"
"신주안지점","LA02841001","한화 치매간병보험 무배당2509","1"
"신주안지점","LA02122002","무배당 LIFEPLUS 실속간병치매보험2204","3"
"신주안지점","LA02190002","무배당 WOORI 차도리ECO운전자보험","2"
"신주안지점","LA10253001","무배당 뉴노블레스건강보험","1"
"신주안지점","LA00394001","무배당한아름종합보험(0704)","6"
"신주안지점","LA02659001","한화 RICH 간병보험3.0 무배당2404","4"
"신주안지점","LA02033004","무배당 참 편한 실속 건강보험2107","1"
"신주안지점","LA02583002","LIFEPLUS 3N5 간편건강보험(연만기 갱신형) 무배당","2"
"신주안지점","LA02492003","한화 RICH 간병보험2.0 2310 무배당","32"
"신주안지점","LA01119001","무배당 1등 엄마의 똑똑한 자녀보험1501","15"
"신주안지점","LA01696001","무배당 마이라이프 굿밸런스종합보험1904","9"
"신주안지점","LA01499001","무배당 실속더한 든든암보험","29"
"신주안지점","LA02447001","무배당 한화 시그니처 여성 건강보험","78"
"신주안지점","LA02029001","무배당 세이프투게더 생활종합보험2108","33"
"신주안지점","LA01646001","무배당 참 편한 건강보험1902","4"
"신주안지점","LA02621001","성공하는 Owner 재산종합보험 무배당2404","15"
"신주안지점","LA02018001","무배당 한화 Big Plus 재산종합보험2106","20"
"신주안지점","LA10526001","무배당 크리스천 사랑나눔보험0910","1"
"신주안지점","LA02130002","무배당 LIFEPLUS 처음부터 함께하는 자녀보험2204","5"
"신주안지점","LA02560003","한화 시그니처 여성 355간편건강보험(연만기 갱신형)2310 무배당","1"
"신주안지점","LA00746001","무배당 한아름플러스 종합보험1106","4"
"신주안지점","LA01403001","무배당 참 편한 건강보험(갱신형)1701","6"
"신주안지점","LA02286001","무배당 LIFEPLUS 355 WELL100 간병치매보험(무사고연장형)","7"
"신주안지점","LA10415001","무배당 프리미엄 케어 자녀보험0804(1종)","7"
"신주안지점","LA00151001","만능설계종합보험Ⅱ","2"
"신주안지점","LA10267001","무배당 뉴 노블레스 종합보험","3"
"신주안지점","LA02161001","무배당 드림모아 저축보험2204","1"
"신주안지점","LA10332001","무배당 노블레스 케어CI보험0611","4"
"신주안지점","LA02659002","한화 RICH 간병보험3.0 무배당2404","24"
"신주안지점","LA02116003","무배당 마이라이프 굿밸런스종합보험(연만기 갱신형)2204","1"
"신주안지점","LA01887003","무배당 참 편한 건강보험(연만기 갱신형)2009","7"
"신주안지점","LA01962001","무배당 드림모아 저축보험2101","2"
"신주안지점","LA00890001","무배당 한아름슈퍼플러스 종합보험","3"
"신주안지점","LA02712001","한화 시그니처 여성 운전자상해보험 무배당2410","3"
"신주안지점","LA00304001","무배당Yescar여성운전자보험(0505)","4"
"신주안지점","LA00735006","무배당 VIP명품보험1106","1"
"신주안지점","LA02268001","무배당 웰라이프＆엔딩보험(상해위험단일률형)2209","2"
"신주안지점","LA02456002","무배당 한화 RICH 간병보험2.0","2"
"신주안지점","LA02792005","한화 RICH 간병보험3.0 무배당2504","1"
"신주안지점","LA02240001","무배당 333 WELL100 실속간편건강보험2209","2"
"신주안지점","LA00655001","무배당 멀티플러스 종합보험1004","89"
"신주안지점","LA02581002","한화 시그니처 여성 3N5 간편건강보험2.0 무배당","5"
"신주안지점","LA01605001","무배당 차도리운전자보험1901","31"
"신주안지점","LA01598001","무배당 마이라이프 투모로종합보험1901","23"
"신주안지점","LA01484001","무배당 마이라이프 세이프투게더보장보험1710","27"
"신주안지점","LA10531001","무배당 美사랑 Lady 건강보험","13"
"신주안지점","LA02710002","한화 운전자상해보험 무배당2410","11"
"신주안지점","LA02074001","무배당 성공하는 Owner 재산종합보험2111(금리연동형)","3"
"신주안지점","LA02276001","무배당 355 WELL100 간편건강보험(연만기 갱신형)","31"
"신주안지점","LA01199001","무배당 1등 엄마의 똑똑한 자녀보험1505","27"
"신주안지점","LA01558002","무배당 참 편한 당뇨케어보험(간편고지)","3"
"신주안지점","LA00354001","무배당Yescar운전자보험(0604)","11"
"신주안지점","LA00949002","무배당 한화실손의료보험1304","1"
"신주안지점","LA01864003","무배당 LIFEPLUS 처음부터 지켜주는 암보험(연만기 갱신형)","7"
"신주안지점","LA00815001","무배당드림모아저축보험1201","11"
"신주안지점","LA00119001","마이라이프보험","4"
"신주안지점","LA02593002","LIFEPLUS 더건강한 한아름종합보험 무배당2404","15"
"신주안지점","LA02487002","한화 시그니처 여성 건강보험2310 무배당","16"
"신주안지점","LA02636001","한화실손의료보험(갱신형)무배당 2404","13"
"신주안지점","LA02269001","무배당 LIFEPLUS 처음부터 함께하는 자녀보험2208(2)","2"
"신주안지점","LA01832002","무배당 차도리ECO운전자상해보험2004","1"
"신주안지점","LA02885001","한화 가정생활종합보험 무배당2601","15"
"신주안지점","LA02877001","한화 건강쑥쑥 어린이보험 무배당2601","54"
"신주안지점","LA02868001","한화 100세 암치료보장보험 무배당2601","1"
"신주안지점","LA02864001","한화 311 간편건강보험(연만기 갱신형) 무배당2601","3"
"신주안지점","LA01506001","무배당 차도리운전자보험1804","8"
"신주안지점","LA02827001","한화 100세 암치료보장보험 무배당","15"
"신주안지점","LA01648002","무배당 참 편한 건강보험1902(납입면제 미운영형)","3"
"신주안지점","LA00648002","무배당 하이브리드운전자보험1004","2"
"신주안지점","LA01241001","무배당 차도리운전자보험1509","13"
"신주안지점","LA02823002","한화 더건강한 1040 종합보험 무배당","4"
"신주안지점","LA02051001","무배당 차도리ECO운전자상해보험2108","21"
"신주안지점","LA02122001","무배당 LIFEPLUS 실속간병치매보험2204","2"
"신주안지점","LA02695001","한화 굿밸런스종합보험(연만기 갱신형) 무배당2411","1"
"신주안지점","LA02138003","무배당 333 WELL100 실속간편건강보험2204","6"
"신주안지점","LA00449001","무배당밀레니엄저축보험(0804)","1"
"신주안지점","LA02877002","한화 건강쑥쑥 어린이보험 무배당2601","1"
"신주안지점","LA02371002","무배당 3N5 WELL100 실속간편건강보험","1"
"신주안지점","LA01654001","무배당 참 편한 건강보험1904(납입면제 미운영형)","8"
"신주안지점","LA02554001","한화 처음부터 함께하는 어린이보험2310 무배당","15"
"신주안지점","LA01056001","무배당 한화 Big Plus 재산종합보험1404","48"
"신주안지점","LA01072001","무배당 한화보금자리안심보험1404","4"
"신주안지점","LA01075001","무배당카네이션B＆B상조보험1404","4"
"신주안지점","LA02238002","무배당 333 WELL100 간편건강보험(연만기 갱신형)2209","4"
"신주안지점","LA00526001","무배당한아름플러스보험(0908)","46"
"신주안지점","LA02025001","무배당 차도리ECO운전자상해보험2107","35"
"신주안지점","LA00605002","무배당 하이브리드운전자보험1004","6"
"신주안지점","LA00704001","무배당 한아름플러스 종합보험1104","1"
"신주안지점","LA02697002","한화 처음부터 함께하는 어린이보험 무배당2411","1"
"신주안지점","LA01454001","무배당 하얀미소플러스치아보험1705","56"
"신주안지점","LA02082004","무배당 차도리ECO운전자상해보험2201","11"
"신주안지점","LA00896001","무배당 똑소리나는자녀보험1210","32"
"신주안지점","LA02697001","한화 처음부터 함께하는 어린이보험 무배당2411","28"
"신주안지점","LA02323002","무배당 한화 차도리ECO운전자상해보험2301","13"
"신주안지점","LA02746001","한화 RICH 간병보험3.0 무배당2501","1"
"신주안지점","LA00294002","무배당이글스종합건강보험(0505)","1"
"신주안지점","LA02712002","한화 시그니처 여성 운전자상해보험 무배당2410","1"
"신주안지점","LA02858001","한화 3N5 더간편건강보험(세만기형) 무배당2601","4"
"신주안지점","LA01806001","무배당 Only 3 참 편한 건강보험2004","10"
"신주안지점","LA00695001","무배당 아이드림자녀보험1104","1"
"신주안지점","LA00346001","무배당마음든든종합보험(0604)","2"
"신주안지점","LA00622001","무배당 성공플랜 보장보험1004","5"
"신주안지점","LA02330003","무배당 마이라이프 굿밸런스종합보험(연만기 갱신형)2301","6"
"신주안지점","LA01899001","무배당 프리미엄저축보험2010","1"
"신주안지점","LA10265001","무배당 뉴자녀사랑종합보험(Ⅱ종)","1"
"신주안지점","LA00185002","무배당내맘에쏙드는암보험Ⅱ","1"
"신주안지점","LA02332002","무배당 333 WELL100 간편건강보험(연만기 갱신형)2301","1"
"신주안지점","LA02579001","LIFEPLUS 3N5 간편건강보험(세만기형) 무배당","7"
"신주안지점","LA02140001","무배당 차도리운전자보험2204","67"
"신주안지점","LA01007001","무배당 똑소리나는자녀보험1309","5"
"신주안지점","LA00462001","무배당한아름플러스보험","288"
"신주안지점","LA02027001","무배당 차도리운전자보험2107","14"
"신주안지점","LA00545001","무배당한아름플러스보험(0910)","45"
"신주안지점","LA00789001","무배당 한화 Big Plus 재산종합보험","16"
"신주안지점","LA02010001","무배당 세이프투게더 생활종합보험2104","11"
"신주안지점","LA02570002","참 편한 실손의료보험(간편고지, 갱신형)2401 무배당","2"
"신주안지점","LA01824001","무배당 마이라이프 투모로종합보험2004","31"
"신주안지점","LA00198001","무배당NEW만능설계종합보험","18"
"신주안지점","LA01412001","무배당 한화보금자리안심보험1701","5"
"신주안지점","LA01927003","무배당 마이라이프 굿밸런스종합보험(연만기 갱신형)2101","6"
"신주안지점","LA02138004","무배당 333 WELL100 실속간편건강보험2204","8"
"신주안지점","LA01473002","무배당 한화 매월 생활비 받는 암보험(년만기 갱신형)","14"
"신주안지점","LA02702001","한화 3N5 간편건강보험(연만기 갱신형) 무배당","8"
"신주안지점","LA01037001","무배당 1등 엄마의 똑똑한 자녀보험1404","23"
"신주안지점","LA02883002","한화 치매간병보험 무배당2601","1"
"신주안지점","LA00345001","무배당우리집화재보험(0604)","7"
"신주안지점","LA00552001","연금저축손해보험 I Love 실버보험","7"
"신주안지점","LA01829001","무배당 한화한아름간병보험2004","5"
"신주안지점","LA00665001","연금저축손해보험 골드연금보험1004","12"
"신주안지점","LA00574001","연금저축손해보험 골드연금보험","3"
"신주안지점","LA00528001","무배당카네이션 I Love보험(0908)","10"
"신주안지점","LA01997001","무배당 마이라이프 플러스종합보험(연장형)2104","1"
"신주안지점","LA00969001","연금저축손해보험 골드연금보험1304","3"
"신주안지점","LA00703002","무배당 멀티플러스 종합보험1104","7"
"신주안지점","LA01329001","무배당 세이프단체보험1605","1"
"신주안지점","LA01903002","무배당 마이라이프 플러스종합보험2010","2"
"신주안지점","LA00420001","무배당Yescar운전자보험(0710)","8"
"신주안지점","LA02227002","무배당 드림모아 저축보험2209","1"
"신주안지점","LA01941004","무배당 실속더한 든든암보험2101","1"
"신주안지점","LA02132003","무배당 325 WELL100 간편건강보험(연만기 갱신형)2204","5"
"신주안지점","LA01482002","무배당 한화보금자리안심보험1710","1"
"신주안지점","LA02086003","무배당 마이라이프 굿밸런스종합보험(연만기 갱신형)2202","1"
"신주안지점","LA02724005","한화 RICH 간병보험3.0 무배당2410","1"
"신주안지점","LA02352004","무배당 325 WELL100 실속간편건강보험2301","1"
"신주안지점","LA02249001","무배당 세이프투게더 생활종합보험2209","24"
"신주안지점","LA01582001","무배당 마이라이프 굿밸런스종합보험","26"
"신주안지점","LA01580002","무배당 참 편한 건강보험1809","13"
"신주안지점","LA02278002","무배당 355 WELL100 실속간편건강보험","1"
"신주안지점","LA00653001","무배당 美사랑 건강보험1004","11"
"신주안지점","LA02500004","한화 333 WELL100 실속간편건강보험2310 무배당","1"
"신주안지점","LA01674001","무배당 1등 엄마의 똑똑한 자녀보험Ⅱ1904","11"
"신주안지점","LA02142002","무배당 차도리ECO운전자상해보험2204","12"
"신주안지점","LA00511001","무배당 카네이션 I Love운전자보험","5"
"신주안지점","LA00751001","연금저축손해보험 골드연금보험1106","27"
"신주안지점","LA02708001","한화 시그니처 여성 355간편건강보험(세만기형)3.0 무배당","8"
"신주안지점","LA02715001","한화 가정생활종합보험 무배당","1"
"신주안지점","LA10243001","무배당 노블레스 종합보험Ⅳ","3"
"신주안지점","LA02604004","한화 RICH 간병보험2.1 무배당2404","5"
"신주안지점","LA02714001","한화 가정생활종합보험 무배당","40"
"신주안지점","LA00351001","무배당맞춤설계암보험(0604)","7"
"신주안지점","LA00425001","연금저축손해보험 실버드림보험(0711)","8"
"신주안지점","LA02600001","한화 시그니처 여성 건강보험2.0 무배당 2404","11"
"신주안지점","LA02736001","한화실손의료보험(갱신형) 무배당2501","29"
"신주안지점","LA02732001","한화간편실손의료보험(갱신형) 무배당2501","3"
"신주안지점","LA02862002","한화 더 경증 간편건강보험Ⅱ(세만기형) 무배당2601","9"
"신주안지점","LA02875001","한화 더건강한 1040 종합보험 무배당2601","5"
"신주안지점","LA01923001","무배당 밝은눈 건강보험(연만기 갱신형)","23"
"신주안지점","LA10493001","무배당 노블레스 베스트플랜보험0908","2"
"신주안지점","LA00160002","당신을위한건강보험","1"
"신주안지점","LA10347001","무배당 노블레스 케어CI보험0704","3"
"신주안지점","LA01403002","무배당 참 편한 건강보험(갱신형)1701","1"
"신주안지점","LA00929001","무배당 하나로재산종합보험","2"
"신주안지점","LA02843002","한화 더건강한 1040 종합보험 무배당2510","11"
"신주안지점","LA02207001","무배당 참 편한 실손의료보험(간편고지, 갱신형)2208","6"
"신주안지점","LA02770002","한화 처음부터 함께하는 어린이보험 무배당2504","1"
"신주안지점","LA10437001","무배당 베리굿 의료보험0901","5"
"신주안지점","LA01270001","무배당 하얀미소치아보험1601","1"
"신주안지점","LA01518003","무배당 참 편한 건강보험1804","1"
"신주안지점","LA01035001","연금저축손해보험 골드연금보험1401","1"
"신주안지점","LA00175002","무배당오래오래보장보험","1"
"신주안지점","LA02604002","한화 RICH 간병보험2.1 무배당2404","1"
"신주안지점","LA02051002","무배당 차도리ECO운전자상해보험2108","1"
"신주안지점","LA01231002","무배당 하얀미소치아보험1507","1"
"신주안지점","LA01205001","무배당 차도리운전자보험","25"
"신주안지점","LA02492005","한화 RICH 간병보험2.0 2310 무배당","15"
"신주안지점","LA02831002","한화 RICH 간병보험3.0 무배당2507","15"
"신주안지점","LA00846001","무배당 한화 Big Plus 재산종합보험1204","39"
"신주안지점","LA01737001","무배당 하나로재산종합보험1907","14"
"신주안지점","LA02035002","무배당 Only 3 참 편한 건강보험(연만기 갱신형)2107","25"
"신주안지점","LA02142001","무배당 차도리ECO운전자상해보험2204","81"
"신주안지점","LA02460001","무배당 한화 운전자상해보험","30"
"신주안지점","LA02570001","참 편한 실손의료보험(간편고지, 갱신형)2401 무배당","3"
"신주안지점","LA01731003","무배당 차도리ECO운전자상해보험1907","7"
"신주안지점","LA01654002","무배당 참 편한 건강보험1904(납입면제 미운영형)","7"
"신주안지점","LA01370001","무배당 차도리ECO운전자보험","7"
"신주안지점","LA00199001","무배당NEW오래오래보장보험","6"
"신주안지점","LA02494002","한화 3N5 WELL100 간편건강보험(연만기 갱신형)2310 무배당","18"
"신주안지점","LA01508001","무배당 차도리ECO운전자보험1804","6"
"신주안지점","LA10432001","무배당 노블레스 베스트플랜보험0812","13"
"신주안지점","LA00624002","무배당카네이션B＆B상조보험","8"
"신주안지점","LA00175001","무배당오래오래보장보험","1"
"신주안지점","LA02168001","무배당 한화실손의료보험(갱신형)2204","16"
"신주안지점","LA02352003","무배당 325 WELL100 실속간편건강보험2301","2"
"신주안지점","LA01676001","무배당 실속더한 든든자녀보험","18"
"신주안지점","LA00826001","무배당 한아름플러스 종합보험1204","3"
"신주안지점","LA01193001","연금저축손해보험 골드연금보험1504","1"
"신주안지점","LA01601001","무배당 마이라이프 굿밸런스종합보험1901","16"
"신주안지점","LA02298001","무배당 참 편한 실손의료보험(간편고지, 갱신형)2301","10"
"신주안지점","LA01459002","무배당 차도리ECO운전자보험(재가입형)1707","5"
"신주안지점","LA02492001","한화 RICH 간병보험2.0 2310 무배당","18"
"신주안지점","LA10235001","무배당 노블레스 종합보험Ⅲ","4"
"신주안지점","LA01188001","무배당 한화한아름간병보험1504","8"
"신주안지점","LA01430002","무배당 마이라이프 세이프투게더보장보험","11"
"신주안지점","LA01548001","무배당 한화실손의료보험(갱신형)Ⅱ1804","3"
"신주안지점","LA00359001","무배당밀레니엄저축보험(0604)","1"
"신주안지점","LA10465002","무배당 드림플랜 저축보험(0906)(자녀저축플랜)","1"
"신주안지점","LA00426001","무배당카네이션RoyalClass보험","2"
"신주안지점","LA02792006","한화 RICH 간병보험3.0 무배당2504","6"
"신주안지점","LA02462001","무배당 WOORI 한화 운전자상해보험","1"
"신주안지점","LA02845002","한화 건강쑥쑥 어린이보험 무배당2510","2"
"신주안지점","LA02616001","한화 세이프단체보험 무배당2404","2"
"신주안지점","LA02056001","무배당 LIFEPLUS ON혈관튼튼 순환계건강보험","1"
"신주안지점","LA10401002","무배당 노블레스 케어플러스보험0804","2"
"신주안지점","LA10566001","무배당 건강愛실버보험0804(2종)","2"
"신주안지점","LA01949002","무배당 차도리ECO운전자상해보험2101","3"
"신주안지점","LA01800003","무배당 1등 엄마의 똑똑한 자녀보험Ⅱ2004","2"
"신주안지점","LA01476001","무배당 마이라이프 한아름종합보험1710","1"
"신주안지점","LA01012002","무배당 한화실손의료보험1309","2"
"신주안지점","LA02821002","한화 건강쑥쑥 어린이보험 무배당","1"
"신주안지점","LA01950001","무배당 차도리ECO운전자상해보험2101","1"
"신주안지점","LA00986002","무배당 스마트플러스운전자보험","1"
"신주안지점","LA02585001","한화 RICH 간병보험3.0 무배당","10"
"신주안지점","LA02518001","한화 세이프투게더 생활종합보험2310 무배당","60"
"신주안지점","LA02369001","무배당 3N5 WELL100 간편건강보험(연만기 갱신형)","74"
"신주안지점","LA01571001","무배당 차도리ECO운전자보험1807","53"
"신주안지점","LA02215003","무배당 LIFEPLUS 한아름종합보험2208","14"
"신주안지점","LA00825001","무배당 한아름플러스 종합보험1204","90"
"신주안지점","LA00447001","무배당Yescar운전자보험(0804)","6"
"신주안지점","LA02722002","한화 시그니처 여성 3N5 간편건강보험3.0 무배당","12"
"신주안지점","LA02675001","한화실손의료보험(갱신형)(실손전환용) 무배당2407","38"
"신주안지점","LA01459001","무배당 차도리ECO운전자보험(재가입형)1707","102"
"신주안지점","LA00203001","무배당NEW만사OK운전자안심보험","4"
"신주안지점","LA01504001","무배당 1등 엄마의 똑똑한 자녀보험Ⅱ1804","23"
"신주안지점","LA00703001","무배당 멀티플러스 종합보험1104","32"
"신주안지점","LA01411001","무배당 드림모아 저축보험1701","9"
"신주안지점","LA01325001","무배당 마음든든 계속보장암보험1605","3"
"신주안지점","LA01000002","무배당 스마트플러스운전자보험1309","10"
"신주안지점","LA01636001","무배당 참 편한 실손의료보험(간편고지, 갱신형)1901","1"
"신주안지점","LA02667004","LIFEPLUS 3N5 간편건강보험(세만기형) 무배당2405","9"
"신주안지점","LA01181001","무배당 마이라이프 굿밸런스보장보험1504","3"
"신주안지점","LA00837001","무배당카네이션B＆B상조보험1204","7"
"신주안지점","LA02038001","무배당 한화실손의료보험(갱신형)Ⅲ","26"
"신주안지점","LA01947002","무배당 하얀미소플러스치아보험Ⅱ2101","6"
"신주안지점","LA02614001","한화 하얀미소플러스치아보험Ⅱ 무배당2404","3"
"신주안지점","LA01791001","무배당 세이프투게더 생활종합보험2001","12"
"신주안지점","LA02879009","한화 NEW RICH 간병보험 무배당","7"
"신주안지점","LA02852003","한화 시그니처 여성 건강보험4.0 무배당","6"
"신주안지점","LA02850003","한화 굿밸런스종합보험(연만기 갱신형) 무배당2601","1"
"신주안지점","LA01479001","무배당 한화 Big Plus 재산종합보험1710(금리확정형)","24"
"신주안지점","LA02593004","LIFEPLUS 더건강한 한아름종합보험 무배당2404","7"
"신주안지점","LA02776004","한화 3N5 더간편건강보험(세만기형) 무배당","16"
"신주안지점","LA01146001","무배당 하나로재산종합보험1501","7"
"신주안지점","LA02661001","한화 값진인생 암보험 무배당2404","9"
"신주안지점","LA01906001","무배당 하얀미소플러스치아보험Ⅱ2010","2"
"신주안지점","LA00696002","무배당 하이브리드운전자보험1104","2"
"신주안지점","LA02807001","한화실손의료보험(갱신형)(실손전환용) 무배당2504","19"
"신주안지점","LA02322001","무배당 WOORI 차도리ECO운전자보험2301","7"
"신주안지점","LA02185003","무배당 LIFEPLUS 한아름종합보험2206","3"
"신주안지점","LA01719002","무배당 실속더한 든든자녀보험1905","1"
"신주안지점","LA02669001","한화 RICH 간병보험3.0 무배당2405","3"
"신주안지점","LA02768004","한화 더건강한 한아름종합보험 무배당2504","4"
"신주안지점","LA10497001","무배당 크리스천 사랑나눔보험","1"
"신주안지점","LA00953001","무배당 똑소리나는자녀보험1304","1"
"신주안지점","LA10516001","연금저축손해보험 골드플랜연금보험0910","1"
"신주안지점","LA01387001","무배당 차도리ECO운전자보험(재가입형)1701","1"
"신주안지점","LA02231001","무배당 LIFEPLUS 실속간병치매보험2208","1"
"신주안지점","LA00150001","직장인알뜰보험Ⅱ","1"
"신주안지점","LA02345002","무배당 LIFEPLUS 소득안심 건강보험2301","1"
"신주안지점","LA02093002","무배당 참 편한 건강보험(연만기 갱신형)2202","1"
"신주안지점","LA01258001","무배당 마이라이프 한아름종합보험1601","1"
"신주안지점","LA02585005","한화 RICH 간병보험3.0 무배당","4"
"신주안지점","LA02323001","무배당 한화 차도리ECO운전자상해보험2301","270"
"신주안지점","LA01885003","무배당 LIFEPLUS 처음부터 지켜주는 암보험(연만기 갱신형)2008","13"
"신주안지점","LA02064002","무배당 마이라이프 투모로종합보험2111","27"
"신주안지점","LA01953001","무배당 세이프투게더 생활종합보험2101","19"
"신주안지점","LA01126001","무배당 드림모아 저축보험1501","35"
"신주안지점","LA00617001","무배당 한아름플러스 종합보험1004","18"
"신주안지점","LA00744001","무배당 美사랑 건강보험1106","25"
"신주안지점","LA00997001","무배당 매월행복생활보장보험","8"
"신주안지점","LA02192001","무배당 333 WELL100 건강등급 간편건강보험(연만기 갱신형)","10"
"신주안지점","LA02188001","무배당 LIFEPLUS 처음부터 함께하는 자녀보험2206","13"
"신주안지점","LA01518002","무배당 참 편한 건강보험1804","28"
"신주안지점","LA00610001","무배당 美사랑 건강보험1004","22"
"신주안지점","LA00265001","무배당이글스종합건강보험Ⅱ","32"
"신주안지점","LA02796002","한화 더 경증 간편건강보험(세만기형) 무배당2504","29"
"신주안지점","LA00427003","무배당카네이션소득보장보험","1"
"신주안지점","LA01802003","무배당 참 편한 건강보험(연만기 갱신형)2004","10"
"신주안지점","LA02788003","한화 시그니처 여성 건강보험3.0 무배당2504","31"
"신주안지점","LA01447001","무배당 차도리운전자보험1704","6"
"신주안지점","LA02646001","한화간편실손의료보험(갱신형) 무배당2404","5"
"신주안지점","LA02093001","무배당 참 편한 건강보험(연만기 갱신형)2202","1"
"신주안지점","LA02786001","한화 가정생활종합보험 무배당2504","52"
"신주안지점","LA01756001","무배당 참 편한 건강보험(연만기 갱신형)1911","16"
"신주안지점","LA02047004","무배당 Only 3 참 편한 실속 건강보험2107","15"
"신주안지점","LA00329001","무배당밀레니엄저축보험(0601)","1"
"신주안지점","LA02718002","한화 3.10.5 간편건강보험(세만기형) 무배당2411","8"
"신주안지점","LA02873001","한화 운전자상해보험 무배당2601","13"
"신주안지점","LA02848001","한화 더건강한 한아름종합보험 무배당2601","6"
"신주안지점","LA02058002","무배당 차도리ECO운전자상해보험2110","2"
"신주안지점","LA10333001","무배당 프리미엄 케어 자녀보험0611(1종)","3"
"신주안지점","LA02854002","한화 시그니처 여성 건강보험4.0(건강관리형) 무배당","1"
"신주안지점","LA10318001","연금저축손해보험 행복한 노후 연금보험0604","1"
"신주안지점","LA01933002","무배당 참 편한 건강보험(연만기 갱신형)2101","2"
"신주안지점","LA02798001","한화 치매간병보험 무배당2504","3"
"신주안지점","LA00284001","무배당프라임의료보험","1"
"신주안지점","LA00842001","무배당 골프투어보험1204","1"
"신주안지점","LA01603001","무배당 1등 엄마의 똑똑한 자녀보험Ⅱ1901","4"
"신주안지점","LA02025002","무배당 차도리ECO운전자상해보험2107","4"
"신주안지점","LA01806002","무배당 Only 3 참 편한 건강보험2004","1"
"신주안지점","LA02056002","무배당 LIFEPLUS ON혈관튼튼 순환계건강보험","4"
"신주안지점","LA01529001","무배당 한화 화재배상책임보험1804","1"
"신주안지점","LA02303001","무배당 드림모아 저축보험2301","2"
"신주안지점","LA10308001","무배당 퍼스트 클래스 암보험0604","2"
"신주안지점","LA01612001","무배당 참 편한 건강보험1901","1"
"신주안지점","LA02240002","무배당 333 WELL100 실속간편건강보험2209","1"
"신주안지점","LA01582002","무배당 마이라이프 굿밸런스종합보험","1"
"신주안지점","LA01493001","무배당 드림모아 저축보험1801","1"
"신주안지점","LA00677001","무배당 뉴키즈교육보장보험","2"
"신주안지점","LA02101001","무배당 LIFEPLUS 소득안심 건강보험","40"
"신주안지점","LA01733001","무배당 차도리운전자보험1907","109"
"신주안지점","LA00993001","무배당 한아름행복플러스종합보험","84"
"신주안지점","LA01607001","무배당 차도리ECO운전자보험1901","10"
"신주안지점","LA00195001","무배당NEW슈바이처건강보험","2"
"신주안지점","LA01102001","무배당 한화한아름간병보험1408","12"
"신주안지점","LA01724001","무배당 참 편한 실속암보험","35"
"신주안지점","LA01778004","무배당 Only 3 참 편한 건강보험","14"
"신주안지점","LA00455001","연금저축손해보험 실버드림보험(0804)","4"
"신주안지점","LA01751002","무배당 마이라이프 투모로종합보험1909","19"
"신주안지점","LA02776002","한화 3N5 더간편건강보험(세만기형) 무배당","27"
"신주안지점","LA01824002","무배당 마이라이프 투모로종합보험2004","7"
"신주안지점","LA02665001","LIFEPLUS 3N5 간편건강보험(연만기 갱신형) 무배당2405","11"
"신주안지점","LA02251001","무배당 한화 Big Plus 재산종합보험2209","4"
"신주안지점","LA01951001","무배당 차도리운전자보험2101","12"
"신주안지점","LA01324001","무배당 하나로재산종합보험1605","5"
"신주안지점","LA02650001","한화 시그니처 여성 운전자상해보험 무배당","40"
"신주안지점","LA00361001","연금저축손해보험 실버드림보험(0604)","6"
"신주안지점","LA02598002","한화 1040Young플러스 종합보험 무배당2404","10"
"신주안지점","LA02821001","한화 건강쑥쑥 어린이보험 무배당","43"
"신주안지점","LA01445001","무배당 마이라이프 세이프투게더보장보험1704","14"
"신주안지점","LA02449001","무배당 한화 Big Plus 재산종합보험2308","6"
"신주안지점","LA00137001","개인연금신실버그린보험","2"
"신주안지점","LA10449001","무배당 노블레스종합보험0904","2"
"신주안지점","LA02487001","한화 시그니처 여성 건강보험2310 무배당","4"
"신주안지점","LA01043001","무배당 나만의맞춤암보험1404","2"
"신주안지점","LA01159001","무배당 한화보금자리안심보험1501","5"
"신주안지점","LA01332001","무배당 참 편한 건강보험(갱신형)1605","12"
"신주안지점","LA00529001","무배당 카네이션 I Love운전자보험(0908)","9"
"신주안지점","LA01268001","무배당 마음든든 계속보장암보험1601","1"
"신주안지점","LA02516001","한화 하얀미소플러스치아보험Ⅱ2310 무배당","1"
"신주안지점","LA02159001","무배당 성공하는 Owner 재산종합보험2204","5"
"신주안지점","LA00909001","무배당 한화실손의료보험","1"
"신주안지점","LA02841002","한화 치매간병보험 무배당2509","2"
"신주안지점","LA00215002","무배당맞춤설계암보험Ⅱ","1"
"신주안지점","LA00191001","무배당슈바이처건강보험","1"
"신주안지점","LA01771001","무배당 참 편한 실손의료보험(간편고지, 갱신형)2001","1"
"신주안지점","LA02722003","한화 시그니처 여성 3N5 간편건강보험3.0 무배당","1"
"신주안지점","LA00190001","무배당오래오래보장보험Ⅱ","1"
"신주안지점","LA00118001","개인연금홈런인생보험","1"
"신주안지점","LA01854001","무배당 한화실손의료보험(갱신형)Ⅱ2004","1"
"신주안지점","LA02371003","무배당 3N5 WELL100 실속간편건강보험","35"
"신주안지점","LA01724002","무배당 참 편한 실속암보험","24"
"신주안지점","LA02058001","무배당 차도리ECO운전자상해보험2110","62"
"신주안지점","LA02343001","무배당 세이프단체보험2301","1"
"신주안지점","LA00625001","무배당드림모아저축보험1004","31"
"신주안지점","LA01111001","무배당 마이라이프 투모로 종합보험","78"
"신주안지점","LA01814002","무배당 하얀미소플러스치아보험Ⅱ2004","13"
"신주안지점","LA01693001","무배당 마이라이프 투모로종합보험1904","33"
"신주안지점","LA01822001","무배당 마이라이프 굿밸런스종합보험(연만기 갱신형)2004","5"
"신주안지점","LA02699001","한화 1040Young플러스 종합보험 무배당2411","19"
"신주안지점","LA01874002","무배당 차도리ECO운전자상해보험2007","10"
"신주안지점","LA01960001","무배당 한화 Big Plus 재산종합보험2101","38"
"신주안지점","LA01949001","무배당 차도리ECO운전자상해보험2101","21"
"신주안지점","LA02604003","한화 RICH 간병보험2.1 무배당2404","6"
"신주안지점","LA01870001","무배당 참 편한 실손의료보험(간편고지, 갱신형)2004","6"
"신주안지점","LA01322001","무배당 한화 Big Plus 재산종합보험1605","25"
"신주안지점","LA02126001","무배당 LIFEPLUS 소득안심 건강보험2204","8"
"신주안지점","LA02852001","한화 시그니처 여성 건강보험4.0 무배당","10"
"신주안지점","LA02371004","무배당 3N5 WELL100 실속간편건강보험","11"
"신주안지점","LA01405002","무배당 한화실손의료보험(갱신형)1701","6"
"신주안지점","LA02180001","무배당 LIFEPLUS 소득안심 건강보험2205","46"
"신주안지점","LA01824003","무배당 마이라이프 투모로종합보험2004","3"
"신주안지점","LA02456006","무배당 한화 RICH 간병보험2.0","1"
"신주안지점","LA01263001","무배당 차도리운전자보험1601","13"
"신주안지점","LA00318002","무배당프라임의료보험(0510)","1"
"신주안지점","LA01992002","무배당 마이라이프 굿밸런스종합보험(연만기 갱신형)2104","3"
"신주안지점","LA01620001","무배당 마음든든암보험(연만기 갱신형)1901","1"
"신주안지점","LA00458001","무배당카네이션B＆B보험(0901)","5"
"신주안지점","LA01378001","무배당 하나로재산종합보험1610","8"
"신주안지점","LA02798002","한화 치매간병보험 무배당2504","2"
"신주안지점","LA00293001","무배당카네이션간병보험","3"
"신주안지점","LA01719003","무배당 실속더한 든든자녀보험1905","1"
"신주안지점","LA02330002","무배당 마이라이프 굿밸런스종합보험(연만기 갱신형)2301","4"
"신주안지점","LA02650002","한화 시그니처 여성 운전자상해보험 무배당","7"
"신주안지점","LA00547002","무배당 카네이션 I Love운전자보험(0910)","1"
"신주안지점","LA01266001","무배당 한화한아름간병보험1601","6"
"신주안지점","LA02332001","무배당 333 WELL100 간편건강보험(연만기 갱신형)2301","3"
"신주안지점","LA02792001","한화 RICH 간병보험3.0 무배당2504","2"
"신주안지점","LA10240001","무배당 노블레스건강보험Ⅱ","1"
"신주안지점","LA02492004","한화 RICH 간병보험2.0 2310 무배당","1"
"신주안지점","LA00464001","무배당카네이션자녀사랑보험(0904)","1"
"신주안지점","LA01824004","무배당 마이라이프 투모로종합보험2004","8"
"신주안지점","LA02564002","한화 시그니처 여성 3N5 간편건강보험 무배당","5"
"신주안지점","LA01430001","무배당 마이라이프 세이프투게더보장보험","65"
"신주안지점","LA01092001","무배당 마이라이프 굿밸런스보장보험1407","30"
"신주안지점","LA10431001","무배당 베리굿 의료보험0810","10"
"신주안지점","LA02704004","한화 3N5 간편건강보험(세만기형) 무배당","21"
"신주안지점","LA02720003","한화 시그니처 여성 건강보험3.0 무배당","17"
"신주안지점","LA02782002","한화 운전자상해보험 무배당2504","25"
"신주안지점","LA02478002","한화 한아름종합보험2310 무배당","13"
"신주안지점","LA02639001","한화실손의료보험(갱신형)(실손전환용)무배당 2404","19"
"신주안지점","LA02348003","무배당 355 WELL100 실속간편건강보험2301","5"
"신주안지점","LA01325002","무배당 마음든든 계속보장암보험1605","1"
"신주안지점","LA02478004","한화 한아름종합보험2310 무배당","42"
"신주안지점","LA02866003","한화 시그니처 여성 간편건강보험4.0 무배당","5"
"신주안지점","LA02889001","성공하는 Owner 재산종합보험 무배당2601","3"
"신주안지점","LA00855002","무배당VIP골드플러스저축보험1204","1"
"신주안지점","LA00351002","무배당맞춤설계암보험(0604)","2"
"신주안지점","LA02688001","한화 3.10.5 간편건강보험(세만기형) 무배당","12"
"신주안지점","LA02194004","무배당 333 WELL100 건강등급 실속간편건강보험","2"
"신주안지점","LA02150001","무배당 하얀미소플러스치아보험Ⅱ2204","2"
"신주안지점","LA01124002","무배당 나만의맞춤암보험1501","1"
"신주안지점","LA01959001","무배당 세이프단체보험2101","1"
"신주안지점","LA01776003","무배당 마이라이프 굿밸런스종합보험(연만기 갱신형)2001","1"
"신주안지점","LA02284001","무배당 LIFEPLUS 처음부터 함께하는 자녀보험2210","13"
"신주안지점","LA02234002","무배당 325 WELL100 간편건강보험(연만기 갱신형)2209","2"
"신주안지점","LA00237002","무배당프리미엄건강보험Ⅲ","1"
"신주안지점","LA00498001","무배당밀레니엄저축보험(0904)","1"
"신주안지점","LA02585006","한화 RICH 간병보험3.0 무배당","14"
"신주안지점","LA01992003","무배당 마이라이프 굿밸런스종합보험(연만기 갱신형)2104","13"
"신주안지점","LA02478003","한화 한아름종합보험2310 무배당","15"
"신주안지점","LA00503001","무배당카네이션B＆B보험(0904)","10"
"신주안지점","LA01589002","무배당 차도리ECO운전자보험1810","20"
"신주안지점","LA02496003","한화 3N5 WELL100 실속간편건강보험2310 무배당","20"
"신주안지점","LA01020001","무배당 1등 엄마의 똑똑한 자녀보험","59"
"신주안지점","LA00648001","무배당 하이브리드운전자보험1004","31"
"신주안지점","LA02328003","무배당 한화 LIFEPLUS 한아름종합보험2301","16"
"신주안지점","LA01913001","무배당 한화실손의료보험(갱신형)(실손전환용)Ⅲ2101","40"
"신주안지점","LA02782001","한화 운전자상해보험 무배당2504","425"
"신주안지점","LA02708004","한화 시그니처 여성 355간편건강보험(세만기형)3.0 무배당","7"
"신주안지점","LA01933003","무배당 참 편한 건강보험(연만기 갱신형)2101","11"
"신주안지점","LA01874001","무배당 차도리ECO운전자상해보험2007","112"
"신주안지점","LA00630001","무배당 헤라클레스남성보험","26"
"신주안지점","LA02665003","LIFEPLUS 3N5 간편건강보험(연만기 갱신형) 무배당2405","9"
"신주안지점","LA02669006","한화 RICH 간병보험3.0 무배당2405","15"
"신주안지점","LA00900001","무배당 베스트여성건강보험1210","7"
"신주안지점","LA02132002","무배당 325 WELL100 간편건강보험(연만기 갱신형)2204","4"
"신주안지점","LA02396002","무배당 한화 355 WELL100 소득안심 건강보험2305","9"
"신주안지점","LA02866002","한화 시그니처 여성 간편건강보험4.0 무배당","14"
"신주안지점","LA00670001","무배당 家家好好종합보험","6"
"신주안지점","LA00748001","무배당드림모아저축보험1106","11"
"신주안지점","LA00624001","무배당카네이션B＆B상조보험","13"
"신주안지점","LA00238002","무배당평생안심간병보험Ⅱ","2"
"신주안지점","LA02031003","무배당 참 편한 건강보험(연만기 갱신형)2107","7"
"신주안지점","LA01676002","무배당 실속더한 든든자녀보험","3"
"신주안지점","LA00647001","무배당 아이드림자녀보험1004","6"
"신주안지점","LA01340001","무배당 드림모아 저축보험1605","7"
"신주안지점","LA01494001","연금저축손해보험 골드연금보험1801","3"
"신주안지점","LA01690001","연금저축손해보험 골드연금보험1904","4"
"신주안지점","LA02845001","한화 건강쑥쑥 어린이보험 무배당2510","24"
"신주안지점","LA00261001","무배당우리집화재보험Ⅲ","1"
"신주안지점","LA01499004","무배당 실속더한 든든암보험","3"
"신주안지점","LA01302003","무배당 신의(信義)건강보험","1"
"신주안지점","LA01937003","무배당 Only 3 참 편한 건강보험2101","6"
"신주안지점","LA00696001","무배당 하이브리드운전자보험1104","4"
"신주안지점","LA02702003","한화 3N5 간편건강보험(연만기 갱신형) 무배당","4"
"신주안지점","LA00579001","무배당홈케어보장보험","1"
"신주안지점","LA02471001","무배당 한화 처음부터 함께하는 어린이보험","2"
"신주안지점","LA02284002","무배당 LIFEPLUS 처음부터 함께하는 자녀보험2210","10"
"신주안지점","LA02242002","무배당 335 WELL100 간편건강보험(연만기 갱신형)2209","1"
"신주안지점","LA02833001","한화 치매간병보험 무배당2507","2"
"신주안지점","LA02608002","LIFEPLUS 3N5 간편건강보험(연만기 갱신형) 무배당2404","1"
"신주안지점","LA02350002","무배당 355 WELL100 간편건강보험(연만기 갱신형)2301","1"
"신주안지점","LA01887002","무배당 참 편한 건강보험(연만기 갱신형)2009","6"
"신주안지점","LA01024001","무배당 한아름행복플러스종합보험1401","44"
"신주안지점","LA01831001","무배당 차도리ECO운전자상해보험2004","74"
"신주안지점","LA02691001","한화 값진인생 암보험 무배당2409","28"
"신주안지점","LA00753001","무배당 헤라클레스남성보험1106","27"
"신주안지점","LA02240004","무배당 333 WELL100 실속간편건강보험2209","1"
"신주안지점","LA02291001","무배당 한화실손의료보험(갱신형)(실손전환용)2301","34"
"신주안지점","LA01731001","무배당 차도리ECO운전자상해보험1907","47"
"신주안지점","LA01714001","무배당 한화실손의료보험(갱신형)(실손전환용)Ⅲ1904","6"
"신주안지점","LA01097002","무배당 스마트플러스운전자보험1408","7"
"신주안지점","LA01106001","무배당 한화 Big Plus 재산종합보험1409","14"
"신주안지점","LA01063001","무배당 한화한아름간병보험1404","14"
"신주안지점","LA02246002","무배당 하얀미소플러스치아보험Ⅱ2209","3"
"신주안지점","LA00662001","무배당드림모아저축보험1004","23"
"신주안지점","LA10377001","무배당 노블레스 케어CI보험0710","8"
"신주안지점","LA00636001","무배당 아빠의약속 보장보험1007","1"
"신주안지점","LA01334002","무배당 한화실손의료보험(갱신형)1605","7"
"신주안지점","LA02112001","무배당 335 WELL100 간편건강보험(연만기 갱신형)","19"
"신주안지점","LA02776001","한화 3N5 더간편건강보험(세만기형) 무배당","88"
"신주안지점","LA02682001","한화 시그니처 여성 건강보험2.0 무배당2407","19"
"신주안지점","LA01927002","무배당 마이라이프 굿밸런스종합보험(연만기 갱신형)2101","3"
"신주안지점","LA01051001","무배당 스마트플러스운전자보험1404","10"
"신주안지점","LA02069002","무배당 한화 Big Plus 재산종합보험2111(금리확정형)","7"
"신주안지점","LA00189001","연금저축손해보험 실버드림보험","2"
"신주안지점","LA01047001","무배당 드림모아 저축보험1404","15"
"신주안지점","LA01255002","무배당 한화보금자리안심보험1510","1"
"신주안지점","LA01754002","무배당 참 편한 실속 건강보험","6"
"신주안지점","LA00266001","무배당맞춤설계암보험Ⅲ","2"
"신주안지점","LA02794002","한화 더 경증 간편건강보험(연만기 갱신형) 무배당2504","3"
"신주안지점","LA02841005","한화 치매간병보험 무배당2509","2"
"신주안지점","LA02176001","무배당 참 편한 실손의료보험(간편고지, 갱신형)2204","3"
"신주안지점","LA02463001","무배당 한화 시그니처 여성 355실속간편건강보험","2"
"신주안지점","LA01310001","무배당 하얀미소플러스치아보험","13"
"신주안지점","LA01634001","무배당 한화노후실손의료보험(갱신형)1901","1"
"신주안지점","LA02498002","한화 333 WELL100 간편건강보험(연만기 갱신형)2310 무배당","1"
"신주안지점","LA00511002","무배당 카네이션 I Love운전자보험","1"
"신주안지점","LA00146001","참튼튼자녀사랑보험","1"
"신주안지점","LA02870001","한화 하얀미소플러스치아보험Ⅱ 무배당2601","2"
"신주안지점","LA02236003","무배당 325 WELL100 실속간편건강보험2209","1"
"신주안지점","LA02833003","한화 치매간병보험 무배당2507","2"
"신주안지점","LA02908001","한화실손의료보험(갱신형)(단체전환용) 무배당2601","1"
"신주안지점","LA02547001","한화실손의료보험(갱신형)2310 무배당","30"
"신주안지점","LA02589001","한화 값진인생 암보험 무배당","33"
"신주안지점","LA02489001","한화 소득안심 건강보험2310 무배당","11"
"신주안지점","LA02190001","무배당 WOORI 차도리ECO운전자보험","20"
"신주안지점","LA00510001","무배당카네이션 I Love보험","132"
"신주안지점","LA02338001","무배당 LIFEPLUS 355 WELL100 간병치매보험(무사고연장형)2301","52"
"신주안지점","LA01246001","무배당 1등 엄마의 똑똑한 자녀보험1509","14"
"신주안지점","LA01166001","무배당 카네이션B＆B상조보험1501","2"
"신주안지점","LA02498001","한화 333 WELL100 간편건강보험(연만기 갱신형)2310 무배당","1"
"신주안지점","LA01356001","무배당 한화보금자리안심보험1605","33"
"신주안지점","LA00236002","무배당맞춤설계암보험Ⅲ","1"
"신주안지점","LA02659006","한화 RICH 간병보험3.0 무배당2404","20"
"신주안지점","LA10278001","무배당 노블레스 케어CI보험0505","10"
"신주안지점","LA01441001","무배당 마이라이프 투모로 종합보험1704","35"
"신주안지점","LA00542001","무배당카네이션 I Love보험(0910)","15"
"신주안지점","LA01367001","무배당 차도리운전자보험1607","26"
"신주안지점","LA02348004","무배당 355 WELL100 실속간편건강보험2301","2"
"신주안지점","LA01933001","무배당 참 편한 건강보험(연만기 갱신형)2101","1"
"신주안지점","LA02672001","한화실손의료보험(갱신형) 무배당2407","18"
"신주안지점","LA02746006","한화 RICH 간병보험3.0 무배당2501","2"
"신주안지점","LA01674002","무배당 1등 엄마의 똑똑한 자녀보험Ⅱ1904","50"
"신주안지점","LA02730001","한화 더 경증 간편건강보험(세만기형) 무배당","25"
"신주안지점","LA02804001","한화실손의료보험(갱신형) 무배당2504","139"
"신주안지점","LA00790001","무배당 성공플랜보장보험1108","1"
"신주안지점","LA02089004","무배당 LIFEPLUS 한아름종합보험","2"
"신주안지점","LA00117001","개인연금노후안심보험","6"
"신주안지점","LA00988001","연금저축손해보험 골드연금보험1306","3"
"신주안지점","LA00932001","무배당 家家好好종합보험1304","10"
"신주안지점","LA02118001","무배당 LIFEPLUS 한아름종합보험2204","19"
"신주안지점","LA02330001","무배당 마이라이프 굿밸런스종합보험(연만기 갱신형)2301","5"
"신주안지점","LA10261002","무배당뉴퍼스트클래스암보험(2종)","1"
"신주안지점","LA01479002","무배당 한화 Big Plus 재산종합보험1710(금리연동형)","2"
"신주안지점","LA02134004","무배당 325 WELL100 실속간편건강보험2204","3"
"신주안지점","LA01223001","무배당 마음든든 계속보장암보험1507","7"
"신주안지점","LA02602002","한화 소득안심 355 간편건강보험 무배당2404","3"
"신주안지점","LA00342001","무배당카네이션효(孝)보험(0604)","2"
"신주안지점","LA02596002","한화 처음부터 함께하는 어린이보험 무배당2404","12"
"신주안지점","LA00383001","무배당한아름종합보장보험","4"
"신주안지점","LA02831001","한화 RICH 간병보험3.0 무배당2507","3"
"신주안지점","LA10465001","무배당 드림플랜 저축보험(0906)(성인저축플랜)","1"
"신주안지점","LA00673002","무배당 스마트드라이브운전자보험","4"
"신주안지점","LA10180001","무배당 신가족사랑 건강보험","1"
"신주안지점","LA02500001","한화 333 WELL100 실속간편건강보험2310 무배당","1"
"신주안지점","LA02282005","무배당 LIFEPLUS 건강등급 실속건강보험","2"
"신주안지점","LA02706002","한화 시그니처 여성 355간편건강보험(연만기 갱신형)3.0 무배당","2"
"신주안지점","LA10507001","무배당 노블레스 운전자보험0910","4"
"신주안지점","LA02223001","무배당 차도리ECO운전자상해보험2208","125"
"신주안지점","LA01994001","무배당 마이라이프 투모로종합보험2104","36"
"신주안지점","LA02583001","LIFEPLUS 3N5 간편건강보험(연만기 갱신형) 무배당","7"
"신주안지점","LA02552001","연금저축손해보험 골드연금보험2310","1"
"신주안지점","LA01575001","무배당 한화 Big Plus 재산종합보험1809","46"
"신주안지점","LA02587003","한화 RICH 간병보험2.1 무배당","5"
"신주안지점","LA02776003","한화 3N5 더간편건강보험(세만기형) 무배당","102"
"신주안지점","LA02236004","무배당 325 WELL100 실속간편건강보험2209","1"
"신주안지점","LA01731004","무배당 차도리ECO운전자상해보험1907","30"
"신주안지점","LA02508002","한화 운전자상해보험2310 무배당","4"
"신주안지점","LA01719001","무배당 실속더한 든든자녀보험1905","12"
"신주안지점","LA02788004","한화 시그니처 여성 건강보험3.0 무배당2504","40"
"신주안지점","LA01904002","무배당 참 편한 실속 건강보험2010","2"
"신주안지점","LA00830001","무배당 美사랑 건강보험1204","3"
"신주안지점","LA01376001","무배당 한화 Big Plus 재산종합보험1610(금리확정형)","19"
"신주안지점","LA00207002","무배당맞춤설계암보험","1"
"신주안지점","LA02328002","무배당 한화 LIFEPLUS 한아름종합보험2301","16"
"신주안지점","LA02654001","한화 시그니처 여성 355간편건강보험(세만기형)2.0 무배당","2"
"신주안지점","LA02749004","한화 치매간병보험 무배당","8"
"신주안지점","LA02099004","무배당 Only 3 참 편한 실속 건강보험2202","10"
"신주안지점","LA00605001","무배당 하이브리드운전자보험1004","18"
"신주안지점","LA02858002","한화 3N5 더간편건강보험(세만기형) 무배당2601","4"
"신주안지점","LA01391001","무배당 1등 엄마의 똑똑한 자녀보험1701","3"
"신주안지점","LA01787001","무배당 한화 Big Plus 재산종합보험2001","11"
"신주안지점","LA00159001","개인연금실버그린보험Ⅱ","1"
"신주안지점","LA00248001","무배당우리집화재보험Ⅱ","2"
"신주안지점","LA02602001","한화 소득안심 건강보험 무배당2404","6"
"신주안지점","LA01276001","무배당 하나로재산종합보험1601","5"
"신주안지점","LA01260001","무배당 마이라이프 굿밸런스보장보험Ⅱ1601","9"
"신주안지점","LA01758001","무배당 한화 Big Plus 재산종합보험1910","15"
"신주안지점","LA01768001","무배당 한화실손의료보험(갱신형)(실손전환용)Ⅲ2001","2"
"신주안지점","LA01925001","무배당 성공하는 Owner 재산종합보험","2"
"신주안지점","LA00874001","무배당 굿샷 골프보험","2"
"신주안지점","LA01939002","무배당 1등 엄마의 똑똑한 자녀보험Ⅱ2101","2"
"신주안지점","LA02686001","한화 3.10.5. 간편건강보험(연만기 갱신형) 무배당","4"
"신주안지점","LA02790002","한화 시그니처 여성 3N5 간편건강보험3.0 무배당 2504","1"
"신주안지점","LA02591003","한화 굿밸런스종합보험(연만기 갱신형) 무배당2404","2"
"신주안지점","LA01900002","무배당 마이라이프 투모로종합보험2010","4"
"신주안지점","LA02097002","무배당 Only 3 참 편한 건강보험(연만기 갱신형)2202","2"
"신주안지점","LA10505001","무배당 드림플랜 저축보험(0910)(성인저축플랜)","2"
"신주안지점","LA02574002","LIFEPLUS 더건강한 한아름종합보험 무배당","3"
"신주안지점","LA02574003","LIFEPLUS 더건강한 한아름종합보험 무배당","11"
"신주안지점","LA02579003","LIFEPLUS 3N5 간편건강보험(세만기형) 무배당","4"
"신주안지점","LA01751001","무배당 마이라이프 투모로종합보험1909","57"
"신주안지점","LA01454002","무배당 하얀미소플러스치아보험1705","100"
"신주안지점","LA00880001","무배당 베스트남성건강보험","53"
"신주안지점","LA01520001","무배당 하얀미소플러스치아보험Ⅱ","11"
"신주안지점","LA00984001","무배당 한화한아름간병보험1306","31"
"신주안지점","LA02211001","무배당 한화실손의료보험(갱신형)2208","22"
"신주안지점","LA02253001","무배당 성공하는 Owner 재산종합보험2209","1"
"신주안지점","LA02185001","무배당 LIFEPLUS 한아름종합보험2206","34"
"신주안지점","LA02369002","무배당 3N5 WELL100 간편건강보험(연만기 갱신형)","27"
"신주안지점","LA00959001","무배당드림모아저축보험1304","32"
"신주안지점","LA01711002","무배당 한화실손의료보험(갱신형)Ⅱ1904","62"
"신주안지점","LA00978001","무배당 한아름슈퍼플러스종합보험1305","1"
"신주안지점","LA01652001","무배당 참 편한 건강보험1904(납입면제형)","15"
"신주안지점","LA02564001","한화 시그니처 여성 3N5 간편건강보험 무배당","6"
"신주안지점","LA02612001","한화 운전자상해보험 무배당2404","154"
"신주안지점","LA01135001","무배당 마이라이프실버암보험(갱신형)1501","1"
"신주안지점","LA01499003","무배당 실속더한 든든암보험","3"
"신주안지점","LA01800002","무배당 1등 엄마의 똑똑한 자녀보험Ⅱ2004","6"
"신주안지점","LA00986001","무배당 스마트플러스운전자보험","17"
"신주안지점","LA00414001","무배당카네이션상조보험(0710)","5"
"신주안지점","LA01990001","무배당 성공하는 Owner 재산종합보험2103","3"
"신주안지점","LA01749001","무배당 마이라이프 굿밸런스종합보험(연만기 갱신형)1909","12"
"신주안지점","LA02598001","한화 1040Young플러스 종합보험 무배당2404","14"
"신주안지점","LA02708002","한화 시그니처 여성 355간편건강보험(세만기형)3.0 무배당","4"
"신주안지점","LA01800001","무배당 1등 엄마의 똑똑한 자녀보험Ⅱ2004","38"
"신주안지점","LA00432001","무배당카네이션B＆B보험","14"
"신주안지점","LA02693001","한화 더건강한 한아름종합보험 무배당","27"
"신주안지점","LA01312001","무배당 마이라이프 투모로 종합보험1601","15"
"신주안지점","LA00132001","신안전드라이버보험","3"
"신주안지점","LA02841004","한화 치매간병보험 무배당2509","5"
"신주안지점","LA01382001","무배당 마이라이프 굿밸런스보장보험Ⅱ1701","16"
"신주안지점","LA02875002","한화 더건강한 1040 종합보험 무배당2601","5"
"신주안지점","LA01524001","무배당 하나로재산종합보험1804","8"
"신주안지점","LA02887001","한화 Big Plus 재산종합보험 무배당2601 ","5"
"신주안지점","LA01385001","무배당 차도리운전자보험1701","9"
"신주안지점","LA00294001","무배당이글스종합건강보험(0505)","12"
"신주안지점","LA00686002","무배당카네이션B＆B상조보험1104","3"
"신주안지점","LA01031001","무배당 스마트플러스운전자보험1401","6"
"신주안지점","LA00291001","무배당마음든든종합보험(0505)","3"
"신주안지점","LA00892001","무배당 두번받는암보험1210","1"
"신주안지점","LA00262001","무배당(新)마음든든종합보험","2"
"신주안지점","LA02223002","무배당 차도리ECO운전자상해보험2208","4"
"신주안지점","LA00821001","무배당VIP골드플러스저축보험1201","1"
"신주안지점","LA01658001","무배당 한화한아름간병보험1904","2"
"신주안지점","LA01789001","무배당 Easy사업성공 재산종합보험2001","1"
"신주안지점","LA02695003","한화 굿밸런스종합보험(연만기 갱신형) 무배당2411","1"
"신주안지점","LA02095004","무배당 참 편한 실속 건강보험2202","1"
"신주안지점","LA02076001","무배당 LIFEPLUS ON혈관튼튼 순환계건강보험2112","1"
"신주안지점","LA02047002","무배당 Only 3 참 편한 실속 건강보험2107","1"
"신주안지점","LA02328001","무배당 한화 LIFEPLUS 한아름종합보험2301","47"
"신주안지점","LA02576001","한화 시그니처 여성 건강보험2.0 무배당","28"
"신주안지점","LA01764001","무배당 한화 참 편한 치매보험1912","5"
"신주안지점","LA01833001","무배당 차도리운전자보험2004","74"
"신주안지점","LA02494001","한화 3N5 WELL100 간편건강보험(연만기 갱신형)2310 무배당","17"
"신주안지점","LA01910002","무배당 한화실손의료보험(갱신형)Ⅱ2101","29"
"신주안지점","LA00255001","무배당(新)만능설계종합보험Ⅱ","10"
"신주안지점","LA00834002","무배당 스마트드라이브운전자보험1204","13"
"신주안지점","LA02223003","무배당 차도리ECO운전자상해보험2208","27"
"신주안지점","LA10412001","무배당 노블레스종합보험0804","11"
"신주안지점","LA02398001","무배당 한화 LIFEPLUS 처음부터 함께하는 자녀보험2305","15"
"신주안지점","LA02667001","LIFEPLUS 3N5 간편건강보험(세만기형) 무배당2405","14"
"신주안지점","LA01945001","무배당 LIFEPLUS 처음부터 지켜주는 암보험(연만기 갱신형)2101","3"
"신주안지점","LA02356001","무배당 LIFEPLUS 처음부터 함께하는 자녀보험2301","22"
"신주안지점","LA01302001","무배당 신의(信義)건강보험","166"
"신주안지점","LA00408001","무배당이글스종합건강보험(0710)","5"
"신주안지점","LA01887001","무배당 참 편한 건강보험(연만기 갱신형)2009","12"
"신주안지점","LA00847001","무배당 家家好好종합보험1204","4"
"신주안지점","LA01433001","무배당 마이라이프 투모로 종합보험1701","20"
"신주안지점","LA01947001","무배당 하얀미소플러스치아보험Ⅱ2101","7"
"신주안지점","LA01316002","무배당 차도리운전자보험1601","2"
"신주안지점","LA02116002","무배당 마이라이프 굿밸런스종합보험(연만기 갱신형)2204","6"
"신주안지점","LA02879003","한화 NEW RICH 간병보험 무배당","10"
"신주안지점","LA01482001","무배당 한화보금자리안심보험1710","9"
"신주안지점","LA10482001","연금저축손해보험 골드플랜연금보험0906","1"
"신주안지점","LA01316001","무배당 차도리운전자보험1601","16"
"신주안지점","LA02456001","무배당 한화 RICH 간병보험2.0","25"
"신주안지점","LA01489002","무배당 마이라이프 플러스건강보험","4"
"신주안지점","LA02031001","무배당 참 편한 건강보험(연만기 갱신형)2107","3"
"신주안지점","LA01050001","무배당 세이프단체보험1404","1"
"신주안지점","LA00130001","신직장인알뜰보험","1"
"신주안지점","LA01998003","무배당 참 편한 건강보험(연만기 갱신형)2104","5"
"신주안지점","LA02093003","무배당 참 편한 건강보험(연만기 갱신형)2202","2"
"신주안지점","LA02774003","한화 3N5 더간편건강보험(연만기 갱신형) 무배당","6"
"신주안지점","LA00168001","참튼튼자녀사랑보험Ⅱ","1"
"신주안지점","LA02489002","한화 355 WELL100 소득안심 건강보험2310 무배당 ","1"
"신주안지점","LA02706001","한화 시그니처 여성 355간편건강보험(연만기 갱신형)3.0 무배당","1"
"신주안지점","LA02095003","무배당 참 편한 실속 건강보험2202","3"
"신주안지점","LA01760001","무배당 Easy사업성공 재산종합보험","2"
"신주안지점","LA02778002","한화 시그니처 여성 355간편건강보험(연만기 갱신형)3.0 무배당2504","1"
"신주안지점","LA02919002","한화 RICH 간병보험3.0 무배당2601","3"
"신주안지점","LA00604001","무배당 아이드림자녀보험1004","2"
"신주안지점","LA00739001","무배당 아이드림보장보험","1"
"신주안지점","LA00309001","연금저축손해보험 실버드림보험(0505)","3"
"신주안지점","LA02354001","무배당 325 WELL100 간편건강보험(연만기 갱신형)2301","1"
"신주안지점","LA02659005","한화 RICH 간병보험3.0 무배당2404","3"
"신주안지점","LA02610002","LIFEPLUS 3N5 간편건강보험(세만기형) 무배당2404","1"
"신주안지점","LA01041001","무배당 굿샷 골프보험1404","1"
"신주안지점","LA02278001","무배당 355 WELL100 실속간편건강보험","6"
"신주안지점","LA02082001","무배당 차도리ECO운전자상해보험2201","55"
"신주안지점","LA02371001","무배당 3N5 WELL100 실속간편건강보험","14"
"신주안지점","LA02581001","한화 시그니처 여성 3N5 간편건강보험2.0 무배당","4"
"신주안지점","LA00882001","무배당 베스트여성건강보험","38"
"신주안지점","LA01573001","무배당 1등 엄마의 똑똑한 자녀보험Ⅱ1809","23"
"신주안지점","LA01648001","무배당 참 편한 건강보험1902(납입면제 미운영형)","18"
"신주안지점","LA00982001","무배당 한아름100세건강보험","38"
"신주안지점","LA01394001","무배당 한화 Big Plus 재산종합보험1701(금리확정형)","31"
"신주안지점","LA02238001","무배당 333 WELL100 간편건강보험(연만기 갱신형)2209","10"
"신주안지점","LA00584001","무배당 멀티플러스 종합보험","73"
"신주안지점","LA01598002","무배당 마이라이프 투모로종합보험1901","27"
"신주안지점","LA01274001","무배당 한화 Big Plus 재산종합보험1601","23"
"신주안지점","LA02444001","무배당 한화 RICH 간병보험","18"
"신주안지점","LA01778003","무배당 Only 3 참 편한 건강보험","1"
"신주안지점","LA01277001","무배당 참 편한 건강보험(갱신형)","37"
"신주안지점","LA00710001","무배당드림모아저축보험1104","7"
"신주안지점","LA01434001","무배당 1등 엄마의 똑똑한 자녀보험Ⅱ","36"
"신주안지점","LA02905001","한화실손의료보험(갱신형) 무배당2601","40"
"신주안지점","LA01564001","무배당 실속더한 든든보장보험1806","14"
"신주안지점","LA00133001","신마이라이프보험","2"
"신주안지점","LA02185002","무배당 LIFEPLUS 한아름종합보험2206","17"
"신주안지점","LA00974001","무배당 스마트드라이브운전자보험1305","6"
"신주안지점","LA01607002","무배당 차도리ECO운전자보험1901","19"
"신주안지점","LA02170001","무배당 한화실손의료보험(갱신형)(실손전환용)2204","15"
"신주안지점","LA01754001","무배당 참 편한 실속 건강보험","5"
"신주안지점","LA00125001","직장인알뜰보험","1"
"신주안지점","LA02338002","무배당 LIFEPLUS 간병치매보험(무사고연장형)2301","12"
"신주안지점","LA00684001","무배당 성공플랜보장보험1104","2"
"신주안지점","LA01541001","무배당 드림모아 저축보험1804","4"
"신주안지점","LA02800001","한화간편실손의료보험(갱신형) 무배당2504","5"
"신주안지점","LA02606001","한화 시그니처 여성 3N5 간편건강보험2.0 무배당2404","5"
"신주안지점","LA02752002","한화 굿밸런스종합보험(연만기 갱신형) 무배당2504","2"
"신주안지점","LA02752001","한화 굿밸런스종합보험(연만기 갱신형) 무배당2504","1"
"신주안지점","LA02852005","한화 시그니처 여성 건강보험4.0 무배당","1"
"신주안지점","LA02014002","무배당 LIFEPLUS 처음부터 지켜주는 암보험(연만기 갱신형)2105","1"
"신주안지점","LA02848004","한화 더건강한 한아름종합보험 무배당2601","1"
"신주안지점","LA02215004","무배당 LIFEPLUS 한아름종합보험2208","1"
"신주안지점","LA01027001","무배당 한아름100세건강보험1401","2"
"신주안지점","LA10214001","무배당 노블레스 종합보험Ⅱ","2"
"신주안지점","LA01375001","무배당 마이라이프 투모로 종합보험1609","24"
"신주안지점","LA01740001","무배당 세이프투게더 생활종합보험1907","35"
"신주안지점","LA02478001","한화 한아름종합보험2310 무배당","31"
"신주안지점","LA02082002","무배당 차도리ECO운전자상해보험2201","5"
"신주안지점","LA02084001","무배당 차도리운전자보험2201","15"
"신주안지점","LA01270002","무배당 하얀미소치아보험1601","9"
"신주안지점","LA01060001","무배당 한아름행복플러스종합보험1404","44"
"신주안지점","LA01927001","무배당 마이라이프 굿밸런스종합보험(연만기 갱신형)2101","4"
"신주안지점","LA01660001","무배당 하얀미소플러스치아보험Ⅱ1904","12"
"신주안지점","LA01684001","무배당 차도리운전자보험1904","22"
"신주안지점","LA00347001","무배당이글스종합건강보험(0604)","24"
"신주안지점","LA00200002","무배당NEW참튼튼자녀사랑종합보험","4"
"신주안지점","LA02843001","한화 더건강한 1040 종합보험 무배당2510","10"
"신주안지점","LA02396001","무배당 한화 LIFEPLUS 소득안심 건강보험2305","18"
"신주안지점","LA01982001","무배당 참 편한 실손의료보험(간편고지, 갱신형)2104","4"
"신주안지점","LA02724006","한화 RICH 간병보험3.0 무배당2410","9"
"신주안지점","LA01908001","무배당 Only 3 참 편한 건강보험2010","8"
"신주안지점","LA01516001","무배당 실속더한 든든보장보험1804","4"
"신주안지점","LA02008001","무배당 차도리운전자보험2104","16"
"신주안지점","LA00442001","무배당카네이션B＆B보험(0804)","9"
"신주안지점","LA01161002","무배당 한화실손의료보험(갱신형)1501","6"
"신주안지점","LA01437002","무배당 참 편한 건강보험1704","23"
"신주안지점","LA01941001","무배당 실속더한 든든암보험2101","1"
"신주안지점","LA02749003","한화 치매간병보험 무배당","12"
"신주안지점","LA02150002","무배당 하얀미소플러스치아보험Ⅱ2204","9"
"신주안지점","LA01795001","무배당 세이프투게더 생활종합보험2002","41"
"신주안지점","LA00713001","연금저축손해보험 골드연금보험1104","1"
"신주안지점","LA01665002","무배당 한화 참 편한 치매보험1904","2"
"신주안지점","LA00628001","연금저축손해보험 골드연금보험1004","10"
"신주안지점","LA10401001","무배당 노블레스 케어플러스보험0804","8"
"신주안지점","LA00166001","무배당당신을위한건강보험","1"
"신주안지점","LA00290001","무배당우리집화재보험(0505)","2"
"신주안지점","LA02827002","한화 100세 암치료보장보험 무배당","1"
"신주안지점","LA02218001","무배당 LIFEPLUS 더건강 더실속 종합보험(연만기 갱신형)2208","2"
"신주안지점","LA02653001","한화 시그니처 여성 355간편건강보험(연만기 갱신형)2.0 무배당","2"
"신주안지점","LA01231001","무배당 하얀미소치아보험1507","2"
"신주안지점","LA02481001","한화 굿밸런스종합보험(연만기 갱신형)2310 무배당","2"
"신주안지점","LA00277001","무배당(新)밀레니엄보험Ⅲ","1"
"신주안지점","LA02772001","한화 1040Young플러스 종합보험 무배당2504","2"
"신주안지점","LA02185004","무배당 LIFEPLUS 한아름종합보험2206","1"
"신주안지점","LA00994001","무배당 한아름슈퍼플러스종합보험1309","2"
"신주안지점","LA00582002","무배당카네이션B＆B보험(1001)","1"
"신주안지점","LA02798003","한화 치매간병보험 무배당2504","2"
"신주안지점","LA00898001","무배당 베스트남성건강보험1210","1"
"신주안지점","LA00746002","무배당 한아름플러스 종합보험1106","1"
"신주안지점","LA02456005","무배당 한화 RICH 간병보험2.0","12"
"신주안지점","LA02574001","LIFEPLUS 더건강한 한아름종합보험 무배당","14"
"신주안지점","LA02587001","한화 RICH 간병보험2.1 무배당","3"
"신주안지점","LA01802001","무배당 참 편한 건강보험(연만기 갱신형)2004","11"
"신주안지점","LA01816001","무배당 세이프투게더 생활종합보험2004","53"
"신주안지점","LA01520002","무배당 하얀미소플러스치아보험Ⅱ","96"
"신주안지점","LA00889001","무배당 한아름슈퍼플러스 종합보험","171"
"신주안지점","LA02794001","한화 더 경증 간편건강보험(연만기 갱신형) 무배당2504","6"
"신주안지점","LA00217001","무배당(新)만능설계종합보험","26"
"신주안지점","LA02665002","LIFEPLUS 3N5 간편건강보험(연만기 갱신형) 무배당2405","17"
"신주안지점","LA02796001","한화 더 경증 간편건강보험(세만기형) 무배당2504","40"
"신주안지점","LA02219002","무배당 LIFEPLUS 처음부터 함께하는 자녀보험2208","6"
"신주안지점","LA02194003","무배당 333 WELL100 건강등급 실속간편건강보험","1"
"신주안지점","LA01735001","무배당 한화 Big Plus 재산종합보험1907","6"
"신주안지점","LA02444003","무배당 한화 RICH 간병보험","27"
"신주안지점","LA00977001","무배당 한아름슈퍼플러스종합보험1305","51"
"신주안지점","LA00406001","무배당한아름종합보험(0710)","5"
"신주안지점","LA02711001","한화 운전자상해보험 무배당2410","2"
"신주안지점","LA02067001","무배당 LIFEPLUS 처음부터 함께하는 자녀보험2111","16"
"신주안지점","LA00781001","무배당드림모아저축보험1108","36"
"신주안지점","LA02669002","한화 RICH 간병보험3.0 무배당2405","13"
"신주안지점","LA02097001","무배당 Only 3 참 편한 건강보험(연만기 갱신형)2202","12"
"신주안지점","LA02194001","무배당 333 WELL100 건강등급 실속간편건강보험","2"
"신주안지점","LA02720002","한화 시그니처 여성 건강보험3.0 무배당","12"
"신주안지점","LA00980001","무배당 똑소리나는자녀보험1305","11"
"신주안지점","LA02600002","한화 시그니처 여성 건강보험2.0 무배당 2404","15"
"신주안지점","LA02693004","한화 더건강한 한아름종합보험 무배당","1"
"신주안지점","LA02060001","무배당 차도리운전자보험2110","9"
"신주안지점","LA02746002","한화 RICH 간병보험3.0 무배당2501","6"
"신주안지점","LA02080002","무배당 한화노후실손의료보험(갱신형)2201","1"
"신주안지점","LA02814001","한화 Big Plus 재산종합보험 무배당2504 ","37"
"신주안지점","LA00927001","무배당 세이프단체보험1301","1"
"신주안지점","LA01051002","무배당 스마트플러스운전자보험1404","9"
"신주안지점","LA01241002","무배당 차도리운전자보험1509","3"
"신주안지점","LA02688002","한화 3.10.5 간편건강보험(세만기형) 무배당","8"
"신주안지점","LA02848002","한화 더건강한 한아름종합보험 무배당2601","2"
"신주안지점","LA02770001","한화 처음부터 함께하는 어린이보험 무배당2504","49"
"신주안지점","LA01255001","무배당 한화보금자리안심보험1510","12"
"신주안지점","LA02049002","무배당 LIFEPLUS 실속간병치매보험","4"
"신주안지점","LA02219001","무배당 LIFEPLUS 처음부터 함께하는 자녀보험2208","6"
"신주안지점","LA01749002","무배당 마이라이프 굿밸런스종합보험(연만기 갱신형)1909","9"
"신주안지점","LA10274001","무배당 노블레스 케어CI보험","1"
"신주안지점","LA00214002","무배당이글스종합건강보험","7"
"신주안지점","LA00231001","무배당우리아이★사랑보험","9"
"신주안지점","LA02816001","성공하는 Owner 재산종합보험 무배당2504","21"
"신주안지점","LA02790001","한화 시그니처 여성 3N5 간편건강보험3.0 무배당 2504","15"
"신주안지점","LA10256001","무배당 노블레스 케어간병보험","6"
"신주안지점","LA02873002","한화 운전자상해보험 무배당2601","2"
"신주안지점","LA01765002","무배당 한화실손의료보험(갱신형)Ⅱ2001","20"
"신주안지점","LA00715001","무배당 헤라클레스남성보험1104","4"
"신주안지점","LA00324001","무배당카네이션효(孝)보험","2"
"신주안지점","LA01756002","무배당 참 편한 건강보험(연만기 갱신형)1911","9"
"신주안지점","LA02451001","무배당 성공하는 Owner 재산종합보험2308","1"
"신주안지점","LA00316001","무배당카네이션상조보험(0509)","1"
"신주안지점","LA00191002","무배당슈바이처건강보험","2"
"신주안지점","LA02835002","한화 더건강한 1040 종합보험 무배당2508","3"
"신주안지점","LA00196001","무배당NEW직장인만세보험(개인)","1"
"신주안지점","LA01389001","무배당 한화한아름간병보험1701","2"
"신주안지점","LA01955001","무배당 한화한아름간병보험2101","1"
"신주안지점","LA02686002","한화 3.10.5. 간편건강보험(연만기 갱신형) 무배당","1"
"신주안지점","LA10199001","무배당 노블레스건강보험","2"
"신주안지점","LA01372001","무배당 마이라이프 한아름종합보험1609","1"
"신주안지점","LA10394001","무배당 베리굿 의료보험0804","1"
"신주안지점","LA00788002","무배당VIP골드플러스저축보험1108","1"
"신주안지점","LA02579004","LIFEPLUS 3N5 간편건강보험(세만기형) 무배당","4"
"신주안지점","LA02722001","한화 시그니처 여성 3N5 간편건강보험3.0 무배당","17"
"신주안지점","LA00941001","무배당 한아름슈퍼플러스종합보험1304","10"
"신주안지점","LA02067002","무배당 LIFEPLUS 처음부터 함께하는 자녀보험2111","2"
"신주안지점","LA00534001","연금저축손해보험 실버드림보험(0909)","2"
"신주안지점","LA01327001","무배당 하얀미소플러스치아보험1605","21"
"신주안지점","LA02049001","무배당 LIFEPLUS 실속간병치매보험","7"
"신주안지점","LA02691002","한화 값진인생 암보험 무배당2409","18"
"신주안지점","LA01169001","연금저축손해보험 골드연금보험1501","1"
"신주안지점","LA02604001","한화 RICH 간병보험2.1 무배당2404","2"
"신주안지점","LA00955001","무배당 굿샷 골프보험1304","1"
"신주안지점","LA02881003","한화 프리미엄 RICH 간병보험 무배당","1"
"신주안지점","LA01470001","무배당 한화한아름간병보험1708","6"
"신주안지점","LA00265002","무배당이글스종합건강보험Ⅱ","7"
"신주안지점","LA01776001","무배당 마이라이프 굿밸런스종합보험(연만기 갱신형)2001","10"
"신주안지점","LA02780003","한화 시그니처 여성 355간편건강보험(세만기형)3.0 무배당2504","2"
"신주안지점","LA01680002","무배당 마음든든암보험(연만기 갱신형)1904","8"
"신주안지점","LA01682002","무배당 차도리ECO운전자보험1904","11"
"신주안지점","LA10303001","무배당 노블레스종합보험0604","3"
"신주안지점","LA00190002","무배당오래오래보장보험Ⅱ","1"
"신주안지점","LA01904001","무배당 참 편한 실속 건강보험2010","1"
"신주안지점","LA00186002","무배당참튼튼자녀사랑보험Ⅱ","2"
"신주안지점","LA02784001","한화 시그니처 여성 운전자상해보험 무배당2504","10"
"신주안지점","LA02841006","한화 치매간병보험 무배당2509","2"
"신주안지점","LA00704002","무배당 한아름플러스 종합보험1104","1"
"신주안지점","LA02188002","무배당 LIFEPLUS 처음부터 함께하는 자녀보험2206","5"
"신주안지점","LA01808002","무배당 참 편한 실속암보험2004","1"
"신주안지점","LA02608001","LIFEPLUS 3N5 간편건강보험(연만기 갱신형) 무배당2404","5"
"신주안지점","LA02308001","무배당 성공하는 Owner 재산종합보험2301","9"
"신주안지점","LA01290001","연금저축손해보험 골드연금보험1601","6"
"신주안지점","LA02835001","한화 더건강한 1040 종합보험 무배당2508","1"
"신주안지점","LA00218002","무배당(新)참튼튼자녀사랑보험","1"
"신주안지점","LA01594002","무배당 마이라이프 투모로종합보험1810 (납입면제 미운영형)","2"
"신주안지점","LA01501001","무배당 마이라이프 투모로종합보험1804","40"
"신주안지점","LA01132002","무배당 하얀미소치아보험","46"
"신주안지점","LA01097001","무배당 스마트플러스운전자보험1408","57"
"신주안지점","LA01214001","무배당 한화보금자리안심보험1507","3"
"신주안지점","LA10444001","무배당 뉴에이지플랜종합보장보험","10"
"신주안지점","LA02720001","한화 시그니처 여성 건강보험3.0 무배당","6"
"신주안지점","LA01481001","무배당 하나로재산종합보험1710","13"
"신주안지점","LA01178001","무배당 마이라이프 투모로 종합보험1504","48"
"신주안지점","LA00793001","무배당 아이드림보장보험1108","10"
"신주안지점","LA02702002","한화 3N5 간편건강보험(연만기 갱신형) 무배당","9"
"신주안지점","LA02014001","무배당 LIFEPLUS 처음부터 지켜주는 암보험(연만기 갱신형)2105","15"
"신주안지점","LA01085001","무배당 마이라이프실버암보험","9"
"신주안지점","LA01140002","무배당 스마트플러스운전자보험1501","4"
"신주안지점","LA02596001","한화 처음부터 함께하는 어린이보험 무배당2404","17"
"신주안지점","LA02047003","무배당 Only 3 참 편한 실속 건강보험2107","5"
"신주안지점","LA02082003","무배당 차도리ECO운전자상해보험2201","11"
"신주안지점","LA10310001","무배당 노블레스 케어CI보험0604","22"
"신주안지점","LA01205002","무배당 차도리운전자보험","7"
"신주안지점","LA01473001","무배당 한화 매월 생활비 받는 암보험(년만기 갱신형)","25"
"신주안지점","LA02883004","한화 치매간병보험 무배당2601","2"
"신주안지점","LA01499002","무배당 실속더한 든든암보험","20"
"신주안지점","LA10277001","무배당 노블레스종합보험0505","3"
"신주안지점","LA01894002","무배당 마이라이프 굿밸런스종합보험(연만기 갱신형)2009","6"
"신주안지점","LA00619001","무배당홈케어보장보험1004","3"
"신주안지점","LA00286001","무배당우리아이★사랑보험(0505)","10"
"신주안지점","LA02792002","한화 RICH 간병보험3.0 무배당2504","9"
"신주안지점","LA01864002","무배당 LIFEPLUS 처음부터 지켜주는 암보험(연만기 갱신형)","2"
"신주안지점","LA01223002","무배당 마음든든 계속보장암보험1507","3"
"신주안지점","LA10458001","무배당 노블레스 베스트플랜보험0904","4"
"신주안지점","LA02062003","무배당 마이라이프 굿밸런스종합보험(연만기 갱신형)2111","4"
"신주안지점","LA02112002","무배당 335 WELL100 간편건강보험(연만기 갱신형)","1"
"신주안지점","LA01994003","무배당 마이라이프 투모로종합보험2104","2"
"신주안지점","LA02192002","무배당 333 WELL100 건강등급 간편건강보험(연만기 갱신형)","1"
"신주안지점","LA01706001","무배당 드림모아 저축보험1904","3"
"신주안지점","LA02574004","LIFEPLUS 더건강한 한아름종합보험 무배당","1"
"신주안지점","LA10424001","무배당 베리굿 의료보험0808","5"
"신주안지점","LA01033001","무배당 매월행복생활보장보험1401","1"
"신주안지점","LA02481002","한화 굿밸런스종합보험(연만기 갱신형)2310 무배당","1"
"신주안지점","LA01176001","무배당 1등 엄마의 똑똑한 자녀보험1504","1"
"신주안지점","LA00121001","안전드라이버보험","1"
"신주안지점","LA10425001","무배당 노블레스 베스트플랜보험","15"
"신주안지점","LA01731002","무배당 차도리ECO운전자상해보험1907","97"
"신주안지점","LA02362001","무배당 한화 세이프투게더 생활종합보험2301","90"
"신주안지점","LA02576002","한화 시그니처 여성 건강보험2.0 무배당","23"
"신주안지점","LA01609001","무배당 세이프투게더 생활종합보험","50"
"신주안지점","LA02585002","한화 RICH 간병보험3.0 무배당","5"
"신주안지점","LA02516002","한화 하얀미소플러스치아보험Ⅱ2310 무배당","4"
"신주안지점","LA02617001","한화 세이프투게더 생활종합보험 무배당2404","47"
"신주안지점","LA01130001","무배당 마이라이프 투모로 종합보험1501","47"
"신주안지점","LA01437001","무배당 참 편한 건강보험1704","23"
"신주안지점","LA02704002","한화 3N5 간편건강보험(세만기형) 무배당","42"
"신주안지점","LA00547001","무배당 카네이션 I Love운전자보험(0910)","18"
"신주안지점","LA00851001","무배당드림모아저축보험1204","39"
"신주안지점","LA02197001","무배당 한화실손의료보험(갱신형)(실손전환용)2208","26"
"신주안지점","LA01558001","무배당 참 편한 당뇨케어보험(간편고지)","4"
"신주안지점","LA01522001","무배당 한화 Big Plus 재산종합보험1804","19"
"신주안지점","LA02704003","한화 3N5 간편건강보험(세만기형) 무배당","20"
"신주안지점","LA01159002","무배당 한화보금자리안심보험1501","15"
"신주안지점","LA02041001","무배당 한화실손의료보험(갱신형)(실손전환용)Ⅳ","14"
"신주안지점","LA01320001","무배당 1등 엄마의 똑똑한 자녀보험1605","40"
"신주안지점","LA01190002","무배당 마음든든 계속보장암보험","12"
"신주안지점","LA02278003","무배당 355 WELL100 실속간편건강보험","5"
"신주안지점","LA02716001","한화 3.10.5 간편건강보험(연만기 갱신형) 무배당2411","1"
"신주안지점","LA02831006","한화 RICH 간병보험3.0 무배당2507","9"
"신주안지점","LA02739001","한화실손의료보험(갱신형)(실손전환용) 무배당2501","10"
"신주안지점","LA02749001","한화 치매간병보험 무배당","19"
"신주안지점","LA02089001","무배당 LIFEPLUS 한아름종합보험","12"
"신주안지점","LA02848003","한화 더건강한 한아름종합보험 무배당2601","13"
"신주안지점","LA02768002","한화 더건강한 한아름종합보험 무배당2504","8"
"신주안지점","LA02862001","한화 더 경증 간편건강보험Ⅱ(세만기형) 무배당2601","15"
"신주안지점","LA02852004","한화 시그니처 여성 건강보험4.0 무배당","5"
"신주안지점","LA02398002","무배당 한화 LIFEPLUS 처음부터 함께하는 자녀보험2305","10"
"신주안지점","LA00823001","무배당 아이드림보장보험1201","6"
"신주안지점","LA00195002","무배당NEW슈바이처건강보험","4"
"신주안지점","LA02062002","무배당 마이라이프 굿밸런스종합보험(연만기 갱신형)2111","8"
"신주안지점","LA01701001","무배당 한화 Big Plus 재산종합보험1904","10"
"신주안지점","LA02757001","연금저축손해보험 골드연금보험2504","2"
"신주안지점","LA01656001","무배당 실속더한 든든보장보험1904","6"
"신주안지점","LA01919001","무배당 참 편한 실손의료보험(간편고지, 갱신형)2101","3"
"신주안지점","LA00199002","무배당NEW오래오래보장보험","3"
"신주안지점","LA01656002","무배당 실속더한 든든보장보험1904","1"
"신주안지점","LA02718001","한화 3.10.5 간편건강보험(세만기형) 무배당2411","8"
"신주안지점","LA02180002","무배당 LIFEPLUS 소득안심 건강보험2205","6"
"신주안지점","LA02298002","무배당 참 편한 실손의료보험(간편고지, 갱신형)2301","2"
"신주안지점","LA01229001","무배당 1등 엄마의 똑똑한 자녀보험1507","9"
"신주안지점","LA00656001","무배당 한아름플러스 종합보험1004","6"
"신주안지점","LA01067001","연금저축손해보험 골드연금보험1404","3"
"신주안지점","LA00441001","무배당우리집화재보험(0804)","1"
"신주안지점","LA01678001","무배당 실속더한 든든암보험1904","2"
"신주안지점","LA02554002","한화 처음부터 함께하는 어린이보험2310 무배당","28"
"신주안지점","LA02136001","무배당 333 WELL100 간편건강보험(연만기 갱신형)2204","16"
"신주안지점","LA02078001","무배당 세이프투게더 생활종합보험2112","51"
"신주안지점","LA01245001","무배당 마이라이프 투모로 종합보험1509","59"
"신주안지점","LA02556001","한화 1040Young플러스 종합보험 무배당","12"
"신주안지점","LA01330001","무배당 굿샷 골프보험1605","2"
"신주안지점","LA01652002","무배당 참 편한 건강보험1904(납입면제형)","6"
"신주안지점","LA00849001","연금저축손해보험 골드연금보험1204","23"
"신주안지점","LA02780001","한화 시그니처 여성 355간편건강보험(세만기형)3.0 무배당2504","5"
"신주안지점","LA00991001","무배당 한화한아름간병보험1307","48"
"신주안지점","LA01475001","무배당 마이라이프 투모로종합보험1710","59"
"신주안지점","LA00145001","만능설계종합보험","10"
"신주안지점","LA02004001","무배당 LIFEPLUS 처음부터 함께하는 자녀보험","17"
"신주안지점","LA02356002","무배당 LIFEPLUS 처음부터 함께하는 자녀보험2301","11"
"신주안지점","LA01929002","무배당 마이라이프 투모로종합보험2101","5"
"신주안지점","LA00311001","무배당카네이션상조보험","6"
"신주안지점","LA00435001","무배당한아름종합보험(0804)","21"
"신주안지점","LA01900001","무배당 마이라이프 투모로종합보험2010","17"
"신주안지점","LA02768001","한화 더건강한 한아름종합보험 무배당2504","87"
"신주안지점","LA02699002","한화 1040Young플러스 종합보험 무배당2411","3"
"신주안지점","LA01935002","무배당 참 편한 실속 건강보험2101","5"
"신주안지점","LA01835001","무배당 드림모아 저축보험2004","3"
"신주안지점","LA02069001","무배당 한화 Big Plus 재산종합보험2111(금리연동형)","11"
"신주안지점","LA00214001","무배당이글스종합건강보험","3"
"신주안지점","LA02078002","무배당 세이프투게더 생활종합보험2112","5"
"신주안지점","LA02610004","LIFEPLUS 3N5 간편건강보험(세만기형) 무배당2404","3"
"신주안지점","LA01682001","무배당 차도리ECO운전자보험1904","5"
"신주안지점","LA02334003","무배당 333 WELL100 실속간편건강보험2301","1"
"신주안지점","LA00221002","무배당평생안심간병보험","4"
"신주안지점","LA01628001","무배당 한화실손의료보험(갱신형)Ⅱ1901","3"
"신주안지점","LA01282002","무배당 한화실손의료보험(갱신형)1601","8"
"신주안지점","LA00859002","무배당 VIP명품보험1204","1"
"신주안지점","LA01105001","무배당 하나로재산종합보험1409","2"
"신주안지점","LA02798004","한화 치매간병보험 무배당2504","1"
"신주안지점","LA02473001","무배당 한화 1035Young플러스 종합보험","1"
"신주안지점","LA00138001","전천후운전자보험","2"
"신주안지점","LA01994004","무배당 마이라이프 투모로종합보험2104","2"
"신주안지점","LA02492002","한화 RICH 간병보험2.0 2310 무배당","1"
"신주안지점","LA01612002","무배당 참 편한 건강보험1901","2"
"신주안지점","LA02234001","무배당 325 WELL100 간편건강보험(연만기 갱신형)2209","2"
"신주안지점","LA02850001","한화 굿밸런스종합보험(연만기 갱신형) 무배당2601","1"
"신주안지점","LA02500003","한화 333 WELL100 실속간편건강보험2310 무배당","1"
"신주안지점","LA02213003","무배당 마이라이프 굿밸런스종합보험(연만기 갱신형)2208","1"
"신주안지점","LA00649001","무배당 하이브리드운전자보험1004_TM","1"
"신주안지점","LA01551001","무배당 한화노후실손의료보험(갱신형)1804","1"
"신주안지점","LA02064003","무배당 마이라이프 투모로종합보험2111","2"
"신주안지점","LA00241001","무배당Yescar운전자보험","1"
"신주안지점","LA00336001","무배당골프투어보험(0604)","1"
"신주안지점","LA00583001","무배당 通 하나로 통합보험","76"
"신주안지점","LA02839002","한화 더 경증 간편건강보험Ⅱ(세만기형) 무배당","38"
"신주안지점","LA01894001","무배당 마이라이프 굿밸런스종합보험(연만기 갱신형)2009","7"
"신주안지점","LA02306001","무배당 한화 Big Plus 재산종합보험2301","37"
"신주안지점","LA01571002","무배당 차도리ECO운전자보험1807","47"
"신주안지점","LA00908001","무배당 한화명품간병보험","22"
"신주안지점","LA02710001","한화 운전자상해보험 무배당2410","101"
"신주안지점","LA02724002","한화 RICH 간병보험3.0 무배당2410","10"
"신주안지점","LA00240001","무배당(新)만능설계종합보험Ⅱ","7"
"신주안지점","LA01885001","무배당 LIFEPLUS 처음부터 지켜주는 암보험(연만기 갱신형)2008","51"
"신주안지점","LA01370002","무배당 차도리ECO운전자보험","10"
"신주안지점","LA02591002","한화 굿밸런스종합보험(연만기 갱신형) 무배당2404","1"
"신주안지점","LA02606002","한화 시그니처 여성 3N5 간편건강보험2.0 무배당2404","3"
"신주안지점","LA02682002","한화 시그니처 여성 건강보험2.0 무배당2407","26"
"신주안지점","LA01043002","무배당 나만의맞춤암보험1404","6"
"신주안지점","LA00578001","무배당 美사랑 건강보험","8"
"신주안지점","LA01318001","무배당 한화한아름간병보험1601","2"
"신주안지점","LA02130001","무배당 LIFEPLUS 처음부터 함께하는 자녀보험2204","6"
"신주안지점","LA01646002","무배당 참 편한 건강보험1902","3"
"신주안지점","LA01831002","무배당 차도리ECO운전자상해보험2004","5"
"신주안지점","LA00701001","무배당 美사랑 건강보험1104","13"
"신주안지점","LA02020001","무배당 성공하는 Owner 재산종합보험2106","11"
"신주안지점","LA01756003","무배당 참 편한 건강보험(연만기 갱신형)1911","11"
"신주안지점","LA02784002","한화 시그니처 여성 운전자상해보험 무배당2504","3"
"신주안지점","LA01491001","무배당 실속더한 든든보장보험","3"
"신주안지점","LA02866001","한화 시그니처 여성 간편건강보험4.0 무배당","6"
"신주안지점","LA02062001","무배당 마이라이프 굿밸런스종합보험(연만기 갱신형)2111","4"
"신주안지점","LA02213002","무배당 마이라이프 굿밸런스종합보험(연만기 갱신형)2208","8"
"신주안지점","LA01908004","무배당 Only 3 참 편한 건강보험2010","4"
"신주안지점","LA02610003","LIFEPLUS 3N5 간편건강보험(세만기형) 무배당2404","6"
"신주안지점","LA00446001","무배당프라임운전자보험(0804)_TM","1"
"신주안지점","LA02624001","연금저축손해보험 골드연금보험2404","4"
"신주안지점","LA00516001","무배당밀레니엄저축보험(0906)","4"
"신주안지점","LA01221001","무배당 마이라이프 굿밸런스보장보험1507","1"
"신주안지점","LA02833004","한화 치매간병보험 무배당2507","1"
"신주안지점","LA01891001","무배당 Only 3 참 편한 건강보험2009","2"
"신주안지점","LA02919005","한화 RICH 간병보험3.0 무배당2601","1"
"신주안지점","LA02654003","한화 시그니처 여성 355간편건강보험(세만기형)2.0 무배당","1"
"신주안지점","LA01415001","연금저축손해보험 골드연금보험1701","2"
"신주안지점","LA02286002","무배당 LIFEPLUS 간병치매보험(무사고연장형)","3"
"신주안지점","LA02268002","무배당 웰라이프＆엔딩보험(상해위험단일률형)2209","1"
"신주안지점","LA02881001","한화 프리미엄 RICH 간병보험 무배당","1"
"신주안지점","LA01483002","무배당 한화보금자리안심보험1710","1"
"신주안지점","LA02532001","성공하는 Owner 재산종합보험2310 무배당","13"
"신주안지점","LA02215001","무배당 LIFEPLUS 한아름종합보험2208","45"
"신주안지점","LA02157001","무배당 한화 Big Plus 재산종합보험2204","21"
"신주안지점","LA01140001","무배당 스마트플러스운전자보험1501","13"
"신주안지점","LA01628002","무배당 한화실손의료보험(갱신형)Ⅱ1901","29"
"신주안지점","LA00667001","무배당 헤라클레스남성보험","16"
"신주안지점","LA01577001","무배당 하나로재산종합보험1809","22"
"신주안지점","LA02350001","무배당 355 WELL100 간편건강보험(연만기 갱신형)2301","8"
"신주안지점","LA01584001","무배당 마이라이프 투모로종합보험1810","41"
"신주안지점","LA01876001","무배당 차도리운전자보험2007","55"
"신주안지점","LA00873001","무배당 똑소리나는자녀보험","15"
"신주안지점","LA01818001","무배당 한화 Big Plus 재산종합보험2004","35"
"신주안지점","LA01489001","무배당 마이라이프 플러스건강보험","43"
"신주안지점","LA00951001","무배당카네이션B＆B상조보험1304","4"
"신주안지점","LA02213001","무배당 마이라이프 굿밸런스종합보험(연만기 갱신형)2208","5"
"신주안지점","LA02253002","무배당 성공하는 Owner 재산종합보험2209","1"
"신주안지점","LA02240003","무배당 333 WELL100 실속간편건강보험2209","5"
"신주안지점","LA01439001","무배당 1등 엄마의 똑똑한 자녀보험Ⅱ1704","32"
"신주안지점","LA02839001","한화 더 경증 간편건강보험Ⅱ(세만기형) 무배당","46"
"신주안지점","LA00563001","무배당 하이브리드운전자보험","21"
"신주안지점","LA02593001","LIFEPLUS 더건강한 한아름종합보험 무배당2404","50"
"신주안지점","LA02704001","한화 3N5 간편건강보험(세만기형) 무배당","29"
"신주안지점","LA00834001","무배당 스마트드라이브운전자보험1204","12"
"신주안지점","LA02730002","한화 더 경증 간편건강보험(세만기형) 무배당","24"
"신주안지점","LA00920001","무배당드림모아저축보험1212","7"
"신주안지점","LA00376002","무배당Carnation보험","8"
"신주안지점","LA01315001","무배당 마이라이프 굿밸런스보장보험Ⅱ1601","5"
"신주안지점","LA02345001","무배당 LIFEPLUS 소득안심 건강보험2301","7"
"신주안지점","LA01589001","무배당 차도리ECO운전자보험1810","17"
"신주안지점","LA02693002","한화 더건강한 한아름종합보험 무배당","11"
"신주안지점","LA00798001","무배당카네이션B＆B상조보험1111","13"
"신주안지점","LA02136002","무배당 333 WELL100 간편건강보험(연만기 갱신형)2204","3"
"신주안지점","LA01822003","무배당 마이라이프 굿밸런스종합보험(연만기 갱신형)2004","7"
"신주안지점","LA00585001","무배당 한아름플러스 종합보험(GA)","2"
"신주안지점","LA02610001","LIFEPLUS 3N5 간편건강보험(세만기형) 무배당2404","8"
"신주안지점","LA00505001","연금저축손해보험 실버드림보험(0904)","2"
"신주안지점","LA00581001","무배당드림모아저축보험(성인플랜)","5"
"신주안지점","LA00718001","무배당 家家好好종합보험1104","2"
"신주안지점","LA02002003","무배당 Only 3 참 편한 건강보험2104","6"
"신주안지점","LA01894003","무배당 마이라이프 굿밸런스종합보험(연만기 갱신형)2009","5"
"신주안지점","LA01334001","무배당 한화실손의료보험(갱신형)1605","2"
"신주안지점","LA01009001","무배당 두번받는암보험1309","2"
"신주안지점","LA02473002","무배당 한화 1035Young플러스 종합보험","1"
"신주안지점","LA02360002","무배당 하얀미소플러스치아보험Ⅱ2301","6"
"신주안지점","LA01591001","무배당 한화실손의료보험(갱신형)(실손전환용)Ⅲ","1"
"신주안지점","LA02183002","무배당 마이라이프 굿밸런스종합보험(연만기 갱신형)2206","5"
"신주안지점","LA01310002","무배당 하얀미소플러스치아보험","8"
"신주안지점","LA00957001","무배당 두번받는암보험1304","1"
"신주안지점","LA00193002","무배당가족안심상조보험","1"
"신주안지점","LA02542001","한화실손의료보험(갱신형)(실손전환용)2310 무배당","28"
"신주안지점","LA00507001","무배당한아름플러스보험(0904)","161"
"신주안지점","LA01806004","무배당 Only 3 참 편한 건강보험2004","13"
"신주안지점","LA02232001","무배당 LIFEPLUS 소득안심 건강보험2209","10"
"신주안지점","LA01992001","무배당 마이라이프 굿밸런스종합보험(연만기 갱신형)2104","7"
"신주안지점","LA01660002","무배당 하얀미소플러스치아보험Ⅱ1904","91"
"신주안지점","LA01468001","무배당 참 편한 실손의료보험(간편고지, 갱신형)","20"
"신주안지점","LA00312001","무배당이글스종합건강보험(0509)","31"
"신주안지점","LA01478001","무배당 마이라이프 굿밸런스건강보험S(재가입형)","36"
"신주안지점","LA00832001","무배당 두번받는암보험1204","17"
"신주안지점","LA01149001","무배당 한화 Big Plus 재산종합보험1501","49"
"신주안지점","LA00416001","무배당카네이션자녀사랑보험(0710)","15"
"신주안지점","LA00235002","무배당이글스종합건강보험Ⅱ","2"
"신주안지점","LA00182001","무배당만능설계종합보험Ⅱ","15"
"신주안지점","LA01982002","무배당 참 편한 실손의료보험(간편고지, 갱신형)2104","18"
"신주안지점","LA02074002","무배당 성공하는 Owner 재산종합보험2111(금리확정형)","1"
"신주안지점","LA01370003","무배당 차도리ECO운전자보험","14"
"신주안지점","LA02154001","무배당 세이프단체보험2204","1"
"신주안지점","LA02035001","무배당 Only 3 참 편한 건강보험(연만기 갱신형)2107","8"
"신주안지점","LA02858003","한화 3N5 더간편건강보험(세만기형) 무배당2601","11"
"신주안지점","LA01128001","무배당 마이라이프 굿밸런스보장보험1501","8"
"신주안지점","LA00947001","무배당 한화한아름간병보험","2"
"신주안지점","LA00582001","무배당카네이션B＆B보험(1001)","4"
"신주안지점","LA10485001","무배당 노블레스종합보험0908","2"
"신주안지점","LA01778001","무배당 Only 3 참 편한 건강보험","5"
"신주안지점","LA01031002","무배당 스마트플러스운전자보험1401","6"
"신주안지점","LA00844001","무배당 성공플랜보장보험1204","1"
"신주안지점","LA02146001","무배당 LIFEPLUS 처음부터 지켜주는 암보험(연만기 갱신형)2204","1"
"신주안지점","LA00162001","만사OK운전자보험","1"
"신주안지점","LA10379001","무배당 프리미엄 케어 자녀보험0710(1종)","1"
"신주안지점","LA00974002","무배당 스마트드라이브운전자보험1305","1"
"신주안지점","LA02589002","한화 값진인생 암보험 무배당","22"
"신주안지점","LA01994002","무배당 마이라이프 투모로종합보험2104","45"
"신주안지점","LA02221001","무배당 차도리운전자보험2208","105"
"신주안지점","LA01696002","무배당 마이라이프 굿밸런스종합보험1904","1"
"신주안지점","LA02447002","무배당 한화 시그니처 여성 건강보험","21"
"신주안지점","LA00401001","무배당카네이션자녀사랑보험","5"
"신주안지점","LA02720004","한화 시그니처 여성 건강보험3.0 무배당","27"
"신주안지점","LA00616001","무배당 멀티플러스 종합보험1004","141"
"신주안지점","LA10557001","무배당 건강愛실버보험0604","1"
"신주안지점","LA02276002","무배당 355 WELL100 간편건강보험(연만기 갱신형)","8"
"신주안지점","LA10346001","무배당 노블레스종합보험0704","6"
"신주안지점","LA02619001","한화 Big Plus 재산종합보험 무배당2404 ","92"
"신주안지점","LA01680001","무배당 마음든든암보험(연만기 갱신형)1904","29"
"신주안지점","LA01029001","무배당 한화한아름간병보험1401","27"
"신주안지점","LA02476002","참 편한 실손의료보험(간편고지, 갱신형)2310 무배당","3"
"신주안지점","LA01383001","무배당 신의(信義)건강보험1701","62"
"신주안지점","LA01218001","무배당 마이라이프 투모로 종합보험1507","23"
"신주안지점","LA01399002","무배당 하얀미소플러스치아보험1701","3"
"신주안지점","LA01935001","무배당 참 편한 실속 건강보험2101","3"
"신주안지점","LA02667003","LIFEPLUS 3N5 간편건강보험(세만기형) 무배당2405","13"
"신주안지점","LA02684002","한화 시그니처 여성 3N5 간편건강보험2.0 무배당2407","13"
"신주안지점","LA01820001","무배당 Easy사업성공 재산종합보험2004","9"
"신주안지점","LA01699001","무배당 세이프투게더 생활종합보험1904","4"
"신주안지점","LA00765002","무배당 한아름플러스 종합보험1106","8"
"신주안지점","LA02708003","한화 시그니처 여성 355간편건강보험(세만기형)3.0 무배당","3"
"신주안지점","LA00258001","무배당우리아이★사랑보험","28"
"신주안지점","LA02768003","한화 더건강한 한아름종합보험 무배당2504","44"
"신주안지점","LA02099003","무배당 Only 3 참 편한 실속 건강보험2202","2"
"신주안지점","LA01822002","무배당 마이라이프 굿밸런스종합보험(연만기 갱신형)2004","2"
"신주안지점","LA02860002","한화 더 경증 간편건강보험(연만기 갱신형) 무배당2601","1"
"신주안지점","LA00109002","신동아종합보험","1"
"신주안지점","LA02460002","무배당 한화 운전자상해보험","3"
"신주안지점","LA01573002","무배당 1등 엄마의 똑똑한 자녀보험Ⅱ1809","22"
"신주안지점","LA10376001","무배당 노블레스종합보험0710","3"
"신주안지점","LA02823001","한화 더건강한 1040 종합보험 무배당","16"
"신주안지점","LA01693002","무배당 마이라이프 투모로종합보험1904","6"
"신주안지점","LA00876001","무배당 아이드림보장보험1204","2"
"신주안지점","LA01272001","무배당 한화보금자리안심보험1601","6"
"신주안지점","LA00169001","무배당만능설계종합보험","3"
"신주안지점","LA02132001","무배당 325 WELL100 간편건강보험(연만기 갱신형)2204","5"
"신주안지점","LA02190004","무배당 WOORI 차도리ECO운전자보험","3"
"신주안지점","LA02161002","무배당 드림모아 저축보험2204","1"
"신주안지점","LA01932002","무배당 마이라이프 플러스종합보험(연장형)2101","2"
"신주안지점","LA02879008","한화 NEW RICH 간병보험 무배당","1"
"신주안지점","LA02348001","무배당 355 WELL100 실속간편건강보험2301","4"
"신주안지점","LA02508001","한화 운전자상해보험2310 무배당","167"
"신주안지점","LA00765001","무배당 한아름플러스 종합보험1106","162"
"신주안지점","LA01997002","무배당 마이라이프 플러스종합보험(연장형)2104","2"
"신주안지점","LA02496001","한화 3N5 WELL100 실속간편건강보험2310 무배당","16"
"신주안지점","LA01525001","무배당 한화보금자리안심보험1804","18"
"신주안지점","LA01548002","무배당 한화실손의료보험(갱신형)Ⅱ1804","89"
"신주안지점","LA02825001","한화 311 간편건강보험(연만기 갱신형) 무배당","32"
"신주안지점","LA01003001","무배당카네이션B＆B상조보험1309","3"
"신주안지점","LA02883001","한화 치매간병보험 무배당2601","3"
"신주안지점","LA01015002","무배당 나만의맞춤암보험","43"
"신주안지점","LA01854002","무배당 한화실손의료보험(갱신형)Ⅱ2004","32"
"신주안지점","LA01804001","무배당 참 편한 실속 건강보험2004","2"
"신주안지점","LA00235001","무배당이글스종합건강보험Ⅱ","3"
"신주안지점","LA01518001","무배당 참 편한 건강보험1804","21"
"신주안지점","LA01502001","무배당 마이라이프 한아름종합보험1804","1"
"신주안지점","LA01058001","무배당 마이라이프 굿밸런스보장보험","23"
"신주안지점","LA00973002","무배당 Well-driving운전자보험1304","2"
"신주안지점","LA02320001","무배당 한화 차도리운전자보험2301","99"
"신주안지점","LA01864001","무배당 LIFEPLUS 처음부터 지켜주는 암보험(연만기 갱신형)","14"
"신주안지점","LA00141001","내맘에쏙드는암보험","9"
"신주안지점","LA00673001","무배당 스마트드라이브운전자보험","14"
"신주안지점","LA02476001","참 편한 실손의료보험(간편고지, 갱신형)2310 무배당","2"
"신주안지점","LA02089002","무배당 LIFEPLUS 한아름종합보험","8"
"신주안지점","LA02728001","한화 더 경증 간편건강보험(연만기 갱신형) 무배당","5"
"신주안지점","LA00961001","무배당 생계형 드림모아저축보험1304","3"
"신주안지점","LA00305001","무배당밀레니엄저축보험(0505)","3"
"신주안지점","LA02448002","무배당 한화 시그니처 여성 건강보험","1"
"신주안지점","LA02031002","무배당 참 편한 건강보험(연만기 갱신형)2107","2"
"신주안지점","LA01227001","연금저축손해보험 골드연금보험1507","1"
"신주안지점","LA01857001","무배당 한화실손의료보험(갱신형)(실손전환용)Ⅲ2004","7"
"신주안지점","LA00270001","무배당Yescar운전자보험","5"
"신주안지점","LA10332002","무배당 노블레스 케어CI보험0611","4"
"신주안지점","LA01261001","무배당 1등 엄마의 똑똑한 자녀보험1601","11"
"신주안지점","LA02004002","무배당 LIFEPLUS 처음부터 함께하는 자녀보험","3"
"신주안지점","LA02754001","한화 하얀미소플러스치아보험Ⅱ 무배당2504","2"
"신주안지점","LA00828001","무배당 헤라클레스남성보험1204","3"
"신주안지점","LA00732001","무배당 부모의마음보험","6"
"신주안지점","LA02183001","무배당 마이라이프 굿밸런스종합보험(연만기 갱신형)2206","1"
"신주안지점","LA02016002","무배당 한화노후실손의료보험(갱신형)2104","1"
"신주안지점","LA00608001","무배당 골프투어보험1004","1"
"신주안지점","LA02604005","한화 RICH 간병보험2.1 무배당2404","1"
"신주안지점","LA01717001","무배당 참 편한 실손의료보험(간편고지, 갱신형)1904","4"
